id,nom,email,competences_cv
1,Karim Kallel,karim.kallel@gmail.com,"TensorFlow, Photoshop, JavaScript, Spring Boot, HTML, Docker, SQL, SQL"
2,Amine Kallel,amine.kallel@gmail.com,"JavaScript, Spring Boot, SQL, Figma, Angular, Azure, React, Linux, Git"
3,Sarra Ben Ali,sarra.ben.ali@gmail.com,"Linux, CI/CD, Docker, AWS, Figma, Cloud"
4,Leila Gharbi,leila.gharbi@gmail.com,"Pandas, AWS, CSS, Angular, Linux, Scrum"
5,Ameni Zouari,ameni.zouari@gmail.com,"TensorFlow, Docker, NoSQL, HTML, Figma, Python, Angular, Pandas, Agile"
6,Nesrine Gharbi,nesrine.gharbi@gmail.com,"AWS, JavaScript, React, Kubernetes, Linux, Kubernetes"
7,Leila Kallel,leila.kallel@gmail.com,"Angular, React, Spring Boot, SQL, Photoshop, TensorFlow, HTML, Docker"
8,Ameni Mansouri,ameni.mansouri@gmail.com,"AWS, Numpy, JavaScript, Python, Flask, Linux, Linux"
9,Ameni Trabelsi,ameni.trabelsi@gmail.com,"Photoshop, Numpy, Flask, CI/CD, Agile"
10,Amine Mansouri,amine.mansouri@gmail.com,"Figma, AWS, Angular, NoSQL, Photoshop, SQL"
11,Mehdi Mansouri,mehdi.mansouri@gmail.com,"Java, Kubernetes, Figma, GCP, Pandas, Photoshop, Cloud"
12,Sarra Zouari,sarra.zouari@gmail.com,"Python, JavaScript, NoSQL, Pandas, SQL, Kubernetes"
13,Ines Ben Ali,ines.ben.ali@gmail.com,"Photoshop, Figma, SQL, Kubernetes, React, Scrum"
14,Walid Saidi,walid.saidi@gmail.com,"Figma, Linux, GCP, AWS, CI/CD, Numpy, NoSQL, Photoshop, Docker"
15,Ines Saidi,ines.saidi@gmail.com,"Pandas, AWS, Docker, HTML, Flask, Git"
16,Walid Ben Ali,walid.ben.ali@gmail.com,"AWS, Flask, Photoshop, Linux, Python, Figma, Azure, Java, SQL"
17,Walid Bouazizi,walid.bouazizi@gmail.com,"Photoshop, GCP, Linux, NoSQL, Docker"
18,Mehdi Mansouri,mehdi.mansouri@gmail.com,"Docker, NoSQL, AWS, Photoshop, Linux, Kubernetes"
19,Walid Trabelsi,walid.trabelsi@gmail.com,"TensorFlow, AWS, Flask, CSS, Pandas, Kubernetes, Angular, Cloud"
20,Mehdi Chelly,mehdi.chelly@gmail.com,"SQL, Figma, Linux, TensorFlow, Numpy, Kubernetes, Docker"
21,Sarra Gharbi,sarra.gharbi@gmail.com,"Docker, Linux, Pandas, CSS, Kubernetes"
22,Walid Kallel,walid.kallel@gmail.com,"TensorFlow, Numpy, Spring Boot, GCP, React, Cloud"
23,Walid Chelly,walid.chelly@gmail.com,"Kubernetes, AWS, Spring Boot, Angular, API"
24,Leila Saidi,leila.saidi@gmail.com,"Pandas, Figma, JavaScript, TensorFlow, GCP, Python, SQL, Flask, Cloud"
25,Walid Gharbi,walid.gharbi@gmail.com,"Linux, Angular, Photoshop, Flask, React, JavaScript, Kubernetes, Cloud"
26,Karim Bouazizi,karim.bouazizi@gmail.com,"NoSQL, Azure, JavaScript, TensorFlow, Docker, React, HTML, API"
27,Nesrine Ben Ali,nesrine.ben.ali@gmail.com,"Kubernetes, Flask, CSS, GCP, Agile"
28,Mehdi Kallel,mehdi.kallel@gmail.com,"Python, NoSQL, TensorFlow, JavaScript, React, AWS, Linux, Angular, Git"
29,Walid Chelly,walid.chelly@gmail.com,"Docker, Numpy, Kubernetes, Azure, Pandas, Cloud"
30,Leila Trabelsi,leila.trabelsi@gmail.com,"JavaScript, AWS, TensorFlow, GCP, Figma, CI/CD, SQL, SQL"
31,Yassine Kallel,yassine.kallel@gmail.com,"Docker, Photoshop, Numpy, JavaScript, CI/CD, Figma, NoSQL"
32,Mehdi Chelly,mehdi.chelly@gmail.com,"SQL, TensorFlow, Python, NoSQL, HTML, Photoshop, Linux, GCP, Docker"
33,Nesrine Khemiri,nesrine.khemiri@gmail.com,"SQL, TensorFlow, Azure, Pandas, Python, Flask, GCP, JavaScript, API"
34,Yassine Saidi,yassine.saidi@gmail.com,"Azure, JavaScript, Spring Boot, HTML, SQL"
35,Yassine Trabelsi,yassine.trabelsi@gmail.com,"Azure, Docker, SQL, CSS, Java, TensorFlow, Python, JavaScript, Git"
36,Walid Saidi,walid.saidi@gmail.com,"SQL, React, JavaScript, Figma, Flask, Azure, TensorFlow, Git"
37,Nesrine Gharbi,nesrine.gharbi@gmail.com,"CSS, React, Docker, JavaScript, Kubernetes"
38,Walid Trabelsi,walid.trabelsi@gmail.com,"JavaScript, Java, CI/CD, Azure, Figma, Scrum"
39,Ines Trabelsi,ines.trabelsi@gmail.com,"CSS, CI/CD, Photoshop, HTML, Figma, Spring Boot, Kubernetes, Flask, Scrum"
40,Sarra Khemiri,sarra.khemiri@gmail.com,"Java, TensorFlow, React, NoSQL, Docker, HTML, Linux"
41,Walid Saidi,walid.saidi@gmail.com,"Photoshop, TensorFlow, Kubernetes, Flask, HTML, SQL, Docker"
42,Yassine Trabelsi,yassine.trabelsi@gmail.com,"Angular, Azure, TensorFlow, AWS, Linux, HTML, NoSQL, Numpy, SQL"
43,Ines Saidi,ines.saidi@gmail.com,"HTML, Angular, JavaScript, NoSQL, Azure, React, TensorFlow, Docker, Linux"
44,Nesrine Kallel,nesrine.kallel@gmail.com,"GCP, CSS, JavaScript, Python, Docker, TensorFlow, Pandas, Spring Boot, Docker"
45,Nesrine Saidi,nesrine.saidi@gmail.com,"Linux, AWS, Flask, Python, Docker, Java, Cloud"
46,Karim Khemiri,karim.khemiri@gmail.com,"Java, Azure, JavaScript, CI/CD, TensorFlow, React, Kubernetes, Agile"
47,Leila Khemiri,leila.khemiri@gmail.com,"AWS, Linux, Java, Photoshop, Flask, SQL"
48,Yassine Kallel,yassine.kallel@gmail.com,"GCP, CI/CD, SQL, Pandas, Linux, Linux"
49,Ameni Bouazizi,ameni.bouazizi@gmail.com,"Python, Spring Boot, TensorFlow, SQL, Azure, Scrum"
50,Leila Kallel,leila.kallel@gmail.com,"CI/CD, Pandas, GCP, Docker, Python, Java, SQL, Kubernetes, Git"
51,Yassine Bouazizi,yassine.bouazizi@gmail.com,"Pandas, CI/CD, Figma, GCP, Scrum"
52,Sarra Gharbi,sarra.gharbi@gmail.com,"Numpy, Java, Docker, CSS, SQL, TensorFlow, CI/CD, Kubernetes"
53,Nesrine Khemiri,nesrine.khemiri@gmail.com,"GCP, CI/CD, CSS, Photoshop, Azure, Agile"
54,Amine Khemiri,amine.khemiri@gmail.com,"Python, HTML, Flask, React, SQL, Angular, Docker"
55,Amine Gharbi,amine.gharbi@gmail.com,"Figma, HTML, AWS, Azure, NoSQL"
56,Yassine Mansouri,yassine.mansouri@gmail.com,"Kubernetes, Java, JavaScript, NoSQL, Pandas, Photoshop, Scrum"
57,Ines Zouari,ines.zouari@gmail.com,"Numpy, SQL, GCP, React, JavaScript, Kubernetes, Python, CI/CD, Cloud"
58,Amine Saidi,amine.saidi@gmail.com,"Docker, React, SQL, Spring Boot, Figma, Agile"
59,Amine Zouari,amine.zouari@gmail.com,"HTML, AWS, Kubernetes, Spring Boot, CI/CD, SQL, GCP, NoSQL"
60,Mehdi Gharbi,mehdi.gharbi@gmail.com,"Spring Boot, Photoshop, NoSQL, AWS, Java, Angular, React, Git"
61,Mehdi Saidi,mehdi.saidi@gmail.com,"TensorFlow, Python, Azure, React, GCP, Scrum"
62,Nesrine Ben Ali,nesrine.ben.ali@gmail.com,"Numpy, Azure, CSS, AWS, Docker"
63,Leila Bouazizi,leila.bouazizi@gmail.com,"CSS, NoSQL, CI/CD, Flask, Spring Boot, React, Docker, JavaScript, NoSQL"
64,Sarra Ben Ali,sarra.ben.ali@gmail.com,"SQL, Numpy, Pandas, Flask, CI/CD, Angular, Kubernetes"
65,Ameni Mansouri,ameni.mansouri@gmail.com,"HTML, Photoshop, Docker, Pandas, Spring Boot, CI/CD, Angular, Scrum"
66,Yassine Mansouri,yassine.mansouri@gmail.com,"Angular, Figma, Photoshop, GCP, Kubernetes"
67,Karim Ben Ali,karim.ben.ali@gmail.com,"Flask, AWS, NoSQL, Figma, Azure, Linux, JavaScript, Scrum"
68,Amine Trabelsi,amine.trabelsi@gmail.com,"Java, AWS, TensorFlow, JavaScript, GCP, Azure, Flask, Linux"
69,Walid Bouazizi,walid.bouazizi@gmail.com,"Docker, React, CI/CD, Numpy, Python, Agile"
70,Ines Trabelsi,ines.trabelsi@gmail.com,"Photoshop, TensorFlow, Kubernetes, AWS, Linux, Docker, Azure, Flask, Scrum"
71,Karim Ben Ali,karim.ben.ali@gmail.com,"HTML, Linux, React, Photoshop, Docker, JavaScript, Docker"
72,Ines Gharbi,ines.gharbi@gmail.com,"Kubernetes, CSS, Pandas, TensorFlow, Python, HTML, NoSQL, Linux, Git"
73,Leila Mansouri,leila.mansouri@gmail.com,"Kubernetes, Numpy, Pandas, Azure, Spring Boot, Agile"
74,Ines Zouari,ines.zouari@gmail.com,"Linux, TensorFlow, Flask, React, Kubernetes, API"
75,Nesrine Khemiri,nesrine.khemiri@gmail.com,"NoSQL, JavaScript, TensorFlow, Angular, AWS, HTML, Scrum"
76,Amine Trabelsi,amine.trabelsi@gmail.com,"AWS, GCP, Docker, Kubernetes, Java, Figma, Photoshop, NoSQL"
77,Walid Mansouri,walid.mansouri@gmail.com,"Flask, AWS, Azure, Figma, Kubernetes, TensorFlow, CI/CD, Pandas, API"
78,Sarra Trabelsi,sarra.trabelsi@gmail.com,"NoSQL, Kubernetes, GCP, Spring Boot, SQL, Figma, CSS, NoSQL"
79,Yassine Ben Ali,yassine.ben.ali@gmail.com,"React, Numpy, CI/CD, GCP, Pandas, HTML, Scrum"
80,Sarra Gharbi,sarra.gharbi@gmail.com,"HTML, CSS, TensorFlow, Figma, Photoshop, Pandas, Cloud"
81,Leila Khemiri,leila.khemiri@gmail.com,"Linux, Flask, GCP, NoSQL, Pandas, HTML, Python, Cloud"
82,Amine Bouazizi,amine.bouazizi@gmail.com,"Angular, Figma, CSS, HTML, Agile"
83,Karim Saidi,karim.saidi@gmail.com,"Figma, Angular, HTML, Photoshop, Docker"
84,Karim Khemiri,karim.khemiri@gmail.com,"AWS, Java, Kubernetes, Azure, JavaScript, Pandas, React, NoSQL"
85,Walid Gharbi,walid.gharbi@gmail.com,"Flask, Docker, Pandas, Java, AWS, Scrum"
86,Ines Khemiri,ines.khemiri@gmail.com,"Azure, Numpy, Python, SQL, JavaScript, Agile"
87,Yassine Kallel,yassine.kallel@gmail.com,"React, Azure, Spring Boot, Pandas, Figma, Kubernetes, Photoshop, SQL, NoSQL"
88,Leila Khemiri,leila.khemiri@gmail.com,"AWS, Python, Docker, Pandas, SQL"
89,Yassine Zouari,yassine.zouari@gmail.com,"Angular, Java, NoSQL, GCP, HTML, AWS, Numpy, React, Scrum"
90,Nesrine Ben Ali,nesrine.ben.ali@gmail.com,"Pandas, Angular, Spring Boot, Photoshop, Docker, HTML, SQL, Figma, Docker"
91,Amine Khemiri,amine.khemiri@gmail.com,"Azure, Pandas, Java, CSS, Cloud"
92,Yassine Chelly,yassine.chelly@gmail.com,"Photoshop, Docker, Python, SQL, NoSQL, NoSQL"
93,Yassine Chelly,yassine.chelly@gmail.com,"TensorFlow, Photoshop, Kubernetes, GCP, Docker, Java, Cloud"
94,Nesrine Ben Ali,nesrine.ben.ali@gmail.com,"Figma, Linux, Flask, TensorFlow, GCP, Azure, SQL"
95,Sarra Saidi,sarra.saidi@gmail.com,"Spring Boot, AWS, Azure, Angular, SQL, Docker, Agile"
96,Amine Bouazizi,amine.bouazizi@gmail.com,"React, Docker, Pandas, Figma, Flask, Numpy, CSS, CI/CD, Scrum"
97,Leila Bouazizi,leila.bouazizi@gmail.com,"Spring Boot, Docker, HTML, Linux, CI/CD, Figma, GCP, SQL"
98,Yassine Bouazizi,yassine.bouazizi@gmail.com,"Docker, Flask, HTML, Azure, SQL, GCP, CI/CD, Pandas, Git"
99,Karim Zouari,karim.zouari@gmail.com,"Numpy, NoSQL, TensorFlow, Pandas, Flask, CI/CD, Angular, NoSQL"
100,Yassine Chelly,yassine.chelly@gmail.com,"Spring Boot, HTML, Docker, NoSQL, CSS, Figma, JavaScript, Java, Docker"
1,Karim Kallel,karim.kallel@gmail.com,"TensorFlow, Photoshop, JavaScript, Spring Boot, HTML, Docker, SQL, Git"
2,Amine Kallel,amine.kallel@gmail.com,"JavaScript, Spring Boot, SQL, Figma, Angular, Azure, React, Linux, Cloud"
3,Sarra Ben Ali,sarra.ben.ali@gmail.com,"Linux, CI/CD, Docker, AWS, Figma, Docker"
4,Leila Gharbi,leila.gharbi@gmail.com,"Pandas, AWS, CSS, Angular, Linux, Cloud"
5,Ameni Zouari,ameni.zouari@gmail.com,"TensorFlow, Docker, NoSQL, HTML, Figma, Python, Angular, Pandas, Cloud"
6,Nesrine Gharbi,nesrine.gharbi@gmail.com,"AWS, JavaScript, React, Kubernetes, Linux, Agile"
7,Leila Kallel,leila.kallel@gmail.com,"Angular, React, Spring Boot, SQL, Photoshop, TensorFlow, HTML, Kubernetes"
8,Ameni Mansouri,ameni.mansouri@gmail.com,"AWS, Numpy, JavaScript, Python, Flask, Linux, Git"
9,Ameni Trabelsi,ameni.trabelsi@gmail.com,"Photoshop, Numpy, Flask, CI/CD, Docker"
10,Amine Mansouri,amine.mansouri@gmail.com,"Figma, AWS, Angular, NoSQL, Photoshop, Docker"
11,Mehdi Mansouri,mehdi.mansouri@gmail.com,"Java, Kubernetes, Figma, GCP, Pandas, Photoshop, NoSQL"
12,Sarra Zouari,sarra.zouari@gmail.com,"Python, JavaScript, NoSQL, Pandas, SQL, Kubernetes"
13,Ines Ben Ali,ines.ben.ali@gmail.com,"Photoshop, Figma, SQL, Kubernetes, React, Agile"
14,Walid Saidi,walid.saidi@gmail.com,"Figma, Linux, GCP, AWS, CI/CD, Numpy, NoSQL, Photoshop, Linux"
15,Ines Saidi,ines.saidi@gmail.com,"Pandas, AWS, Docker, HTML, Flask, Kubernetes"
16,Walid Ben Ali,walid.ben.ali@gmail.com,"AWS, Flask, Photoshop, Linux, Python, Figma, Azure, Java, Git"
17,Walid Bouazizi,walid.bouazizi@gmail.com,"Photoshop, GCP, Linux, NoSQL, API"
18,Mehdi Mansouri,mehdi.mansouri@gmail.com,"Docker, NoSQL, AWS, Photoshop, Linux, Kubernetes"
19,Walid Trabelsi,walid.trabelsi@gmail.com,"TensorFlow, AWS, Flask, CSS, Pandas, Kubernetes, Angular, SQL"
20,Mehdi Chelly,mehdi.chelly@gmail.com,"SQL, Figma, Linux, TensorFlow, Numpy, Kubernetes, NoSQL"
21,Sarra Gharbi,sarra.gharbi@gmail.com,"Docker, Linux, Pandas, CSS, Docker"
22,Walid Kallel,walid.kallel@gmail.com,"TensorFlow, Numpy, Spring Boot, GCP, React, SQL"
23,Walid Chelly,walid.chelly@gmail.com,"Kubernetes, AWS, Spring Boot, Angular, Agile"
24,Leila Saidi,leila.saidi@gmail.com,"Pandas, Figma, JavaScript, TensorFlow, GCP, Python, SQL, Flask, Git"
25,Walid Gharbi,walid.gharbi@gmail.com,"Linux, Angular, Photoshop, Flask, React, JavaScript, Kubernetes, Agile"
26,Karim Bouazizi,karim.bouazizi@gmail.com,"NoSQL, Azure, JavaScript, TensorFlow, Docker, React, HTML, Cloud"
27,Nesrine Ben Ali,nesrine.ben.ali@gmail.com,"Kubernetes, Flask, CSS, GCP, API"
28,Mehdi Kallel,mehdi.kallel@gmail.com,"Python, NoSQL, TensorFlow, JavaScript, React, AWS, Linux, Angular, Docker"
29,Walid Chelly,walid.chelly@gmail.com,"Docker, Numpy, Kubernetes, Azure, Pandas, Linux"
30,Leila Trabelsi,leila.trabelsi@gmail.com,"JavaScript, AWS, TensorFlow, GCP, Figma, CI/CD, SQL, Linux"
31,Yassine Kallel,yassine.kallel@gmail.com,"Docker, Photoshop, Numpy, JavaScript, CI/CD, Figma, Agile"
32,Mehdi Chelly,mehdi.chelly@gmail.com,"SQL, TensorFlow, Python, NoSQL, HTML, Photoshop, Linux, GCP, Git"
33,Nesrine Khemiri,nesrine.khemiri@gmail.com,"SQL, TensorFlow, Azure, Pandas, Python, Flask, GCP, JavaScript, SQL"
34,Yassine Saidi,yassine.saidi@gmail.com,"Azure, JavaScript, Spring Boot, HTML, Agile"
35,Yassine Trabelsi,yassine.trabelsi@gmail.com,"Azure, Docker, SQL, CSS, Java, TensorFlow, Python, JavaScript, Linux"
36,Walid Saidi,walid.saidi@gmail.com,"SQL, React, JavaScript, Figma, Flask, Azure, TensorFlow, Scrum"
37,Nesrine Gharbi,nesrine.gharbi@gmail.com,"CSS, React, Docker, JavaScript, Agile"
38,Walid Trabelsi,walid.trabelsi@gmail.com,"JavaScript, Java, CI/CD, Azure, Figma, NoSQL"
39,Ines Trabelsi,ines.trabelsi@gmail.com,"CSS, CI/CD, Photoshop, HTML, Figma, Spring Boot, Kubernetes, Flask, Kubernetes"
40,Sarra Khemiri,sarra.khemiri@gmail.com,"Java, TensorFlow, React, NoSQL, Docker, HTML, Git"
41,Walid Saidi,walid.saidi@gmail.com,"Photoshop, TensorFlow, Kubernetes, Flask, HTML, SQL, Scrum"
42,Yassine Trabelsi,yassine.trabelsi@gmail.com,"Angular, Azure, TensorFlow, AWS, Linux, HTML, NoSQL, Numpy, Docker"
43,Ines Saidi,ines.saidi@gmail.com,"HTML, Angular, JavaScript, NoSQL, Azure, React, TensorFlow, Docker, NoSQL"
44,Nesrine Kallel,nesrine.kallel@gmail.com,"GCP, CSS, JavaScript, Python, Docker, TensorFlow, Pandas, Spring Boot, Cloud"
45,Nesrine Saidi,nesrine.saidi@gmail.com,"Linux, AWS, Flask, Python, Docker, Java, Scrum"
46,Karim Khemiri,karim.khemiri@gmail.com,"Java, Azure, JavaScript, CI/CD, TensorFlow, React, Kubernetes, SQL"
47,Leila Khemiri,leila.khemiri@gmail.com,"AWS, Linux, Java, Photoshop, Flask, Agile"
48,Yassine Kallel,yassine.kallel@gmail.com,"GCP, CI/CD, SQL, Pandas, Linux, Kubernetes"
49,Ameni Bouazizi,ameni.bouazizi@gmail.com,"Python, Spring Boot, TensorFlow, SQL, Azure, Git"
50,Leila Kallel,leila.kallel@gmail.com,"CI/CD, Pandas, GCP, Docker, Python, Java, SQL, Kubernetes, Kubernetes"
51,Yassine Bouazizi,yassine.bouazizi@gmail.com,"Pandas, CI/CD, Figma, GCP, Linux"
52,Sarra Gharbi,sarra.gharbi@gmail.com,"Numpy, Java, Docker, CSS, SQL, TensorFlow, CI/CD, Kubernetes"
53,Nesrine Khemiri,nesrine.khemiri@gmail.com,"GCP, CI/CD, CSS, Photoshop, Azure, Agile"
54,Amine Khemiri,amine.khemiri@gmail.com,"Python, HTML, Flask, React, SQL, Angular, Kubernetes"
55,Amine Gharbi,amine.gharbi@gmail.com,"Figma, HTML, AWS, Azure, Linux"
56,Yassine Mansouri,yassine.mansouri@gmail.com,"Kubernetes, Java, JavaScript, NoSQL, Pandas, Photoshop, Kubernetes"
57,Ines Zouari,ines.zouari@gmail.com,"Numpy, SQL, GCP, React, JavaScript, Kubernetes, Python, CI/CD, Linux"
58,Amine Saidi,amine.saidi@gmail.com,"Docker, React, SQL, Spring Boot, Figma, Linux"
59,Amine Zouari,amine.zouari@gmail.com,"HTML, AWS, Kubernetes, Spring Boot, CI/CD, SQL, GCP, Kubernetes"
60,Mehdi Gharbi,mehdi.gharbi@gmail.com,"Spring Boot, Photoshop, NoSQL, AWS, Java, Angular, React, Docker"
61,Mehdi Saidi,mehdi.saidi@gmail.com,"TensorFlow, Python, Azure, React, GCP, Agile"
62,Nesrine Ben Ali,nesrine.ben.ali@gmail.com,"Numpy, Azure, CSS, AWS, Scrum"
63,Leila Bouazizi,leila.bouazizi@gmail.com,"CSS, NoSQL, CI/CD, Flask, Spring Boot, React, Docker, JavaScript, Git"
64,Sarra Ben Ali,sarra.ben.ali@gmail.com,"SQL, Numpy, Pandas, Flask, CI/CD, Angular, API"
65,Ameni Mansouri,ameni.mansouri@gmail.com,"HTML, Photoshop, Docker, Pandas, Spring Boot, CI/CD, Angular, Agile"
66,Yassine Mansouri,yassine.mansouri@gmail.com,"Angular, Figma, Photoshop, GCP, NoSQL"
67,Karim Ben Ali,karim.ben.ali@gmail.com,"Flask, AWS, NoSQL, Figma, Azure, Linux, JavaScript, API"
68,Amine Trabelsi,amine.trabelsi@gmail.com,"Java, AWS, TensorFlow, JavaScript, GCP, Azure, Flask, Linux"
69,Walid Bouazizi,walid.bouazizi@gmail.com,"Docker, React, CI/CD, Numpy, Python, Cloud"
70,Ines Trabelsi,ines.trabelsi@gmail.com,"Photoshop, TensorFlow, Kubernetes, AWS, Linux, Docker, Azure, Flask, Scrum"
71,Karim Ben Ali,karim.ben.ali@gmail.com,"HTML, Linux, React, Photoshop, Docker, JavaScript, Docker"
72,Ines Gharbi,ines.gharbi@gmail.com,"Kubernetes, CSS, Pandas, TensorFlow, Python, HTML, NoSQL, Linux, SQL"
73,Leila Mansouri,leila.mansouri@gmail.com,"Kubernetes, Numpy, Pandas, Azure, Spring Boot, Git"
74,Ines Zouari,ines.zouari@gmail.com,"Linux, TensorFlow, Flask, React, Kubernetes, Linux"
75,Nesrine Khemiri,nesrine.khemiri@gmail.com,"NoSQL, JavaScript, TensorFlow, Angular, AWS, HTML, Git"
76,Amine Trabelsi,amine.trabelsi@gmail.com,"AWS, GCP, Docker, Kubernetes, Java, Figma, Photoshop, Docker"
77,Walid Mansouri,walid.mansouri@gmail.com,"Flask, AWS, Azure, Figma, Kubernetes, TensorFlow, CI/CD, Pandas, Agile"
78,Sarra Trabelsi,sarra.trabelsi@gmail.com,"NoSQL, Kubernetes, GCP, Spring Boot, SQL, Figma, CSS, Kubernetes"
79,Yassine Ben Ali,yassine.ben.ali@gmail.com,"React, Numpy, CI/CD, GCP, Pandas, HTML, NoSQL"
80,Sarra Gharbi,sarra.gharbi@gmail.com,"HTML, CSS, TensorFlow, Figma, Photoshop, Pandas, Linux"
81,Leila Khemiri,leila.khemiri@gmail.com,"Linux, Flask, GCP, NoSQL, Pandas, HTML, Python, Linux"
82,Amine Bouazizi,amine.bouazizi@gmail.com,"Angular, Figma, CSS, HTML, Agile"
83,Karim Saidi,karim.saidi@gmail.com,"Figma, Angular, HTML, Photoshop, Scrum"
84,Karim Khemiri,karim.khemiri@gmail.com,"AWS, Java, Kubernetes, Azure, JavaScript, Pandas, React, SQL"
85,Walid Gharbi,walid.gharbi@gmail.com,"Flask, Docker, Pandas, Java, AWS, Scrum"
86,Ines Khemiri,ines.khemiri@gmail.com,"Azure, Numpy, Python, SQL, JavaScript, Kubernetes"
87,Yassine Kallel,yassine.kallel@gmail.com,"React, Azure, Spring Boot, Pandas, Figma, Kubernetes, Photoshop, SQL, Git"
88,Leila Khemiri,leila.khemiri@gmail.com,"AWS, Python, Docker, Pandas, NoSQL"
89,Yassine Zouari,yassine.zouari@gmail.com,"Angular, Java, NoSQL, GCP, HTML, AWS, Numpy, React, API"
90,Nesrine Ben Ali,nesrine.ben.ali@gmail.com,"Pandas, Angular, Spring Boot, Photoshop, Docker, HTML, SQL, Figma, Git"
91,Amine Khemiri,amine.khemiri@gmail.com,"Azure, Pandas, Java, CSS, Cloud"
92,Yassine Chelly,yassine.chelly@gmail.com,"Photoshop, Docker, Python, SQL, NoSQL, NoSQL"
93,Yassine Chelly,yassine.chelly@gmail.com,"TensorFlow, Photoshop, Kubernetes, GCP, Docker, Java, Git"
94,Nesrine Ben Ali,nesrine.ben.ali@gmail.com,"Figma, Linux, Flask, TensorFlow, GCP, Azure, Git"
95,Sarra Saidi,sarra.saidi@gmail.com,"Spring Boot, AWS, Azure, Angular, SQL, Docker, Kubernetes"
96,Amine Bouazizi,amine.bouazizi@gmail.com,"React, Docker, Pandas, Figma, Flask, Numpy, CSS, CI/CD, Agile"
97,Leila Bouazizi,leila.bouazizi@gmail.com,"Spring Boot, Docker, HTML, Linux, CI/CD, Figma, GCP, Git"
98,Yassine Bouazizi,yassine.bouazizi@gmail.com,"Docker, Flask, HTML, Azure, SQL, GCP, CI/CD, Pandas, Kubernetes"
99,Karim Zouari,karim.zouari@gmail.com,"Numpy, NoSQL, TensorFlow, Pandas, Flask, CI/CD, Angular, Git"
100,Yassine Chelly,yassine.chelly@gmail.com,"Spring Boot, HTML, Docker, NoSQL, CSS, Figma, JavaScript, Java, SQL"
1,Karim Kallel,karim.kallel@gmail.com,"TensorFlow, Photoshop, JavaScript, Spring Boot, HTML, Docker, SQL, API"
2,Amine Kallel,amine.kallel@gmail.com,"JavaScript, Spring Boot, SQL, Figma, Angular, Azure, React, Linux, NoSQL"
3,Sarra Ben Ali,sarra.ben.ali@gmail.com,"Linux, CI/CD, Docker, AWS, Figma, API"
4,Leila Gharbi,leila.gharbi@gmail.com,"Pandas, AWS, CSS, Angular, Linux, Cloud"
5,Ameni Zouari,ameni.zouari@gmail.com,"TensorFlow, Docker, NoSQL, HTML, Figma, Python, Angular, Pandas, Agile"
6,Nesrine Gharbi,nesrine.gharbi@gmail.com,"AWS, JavaScript, React, Kubernetes, Linux, API"
7,Leila Kallel,leila.kallel@gmail.com,"Angular, React, Spring Boot, SQL, Photoshop, TensorFlow, HTML, NoSQL"
8,Ameni Mansouri,ameni.mansouri@gmail.com,"AWS, Numpy, JavaScript, Python, Flask, Linux, Cloud"
9,Ameni Trabelsi,ameni.trabelsi@gmail.com,"Photoshop, Numpy, Flask, CI/CD, SQL"
10,Amine Mansouri,amine.mansouri@gmail.com,"Figma, AWS, Angular, NoSQL, Photoshop, API"
11,Mehdi Mansouri,mehdi.mansouri@gmail.com,"Java, Kubernetes, Figma, GCP, Pandas, Photoshop, Cloud"
12,Sarra Zouari,sarra.zouari@gmail.com,"Python, JavaScript, NoSQL, Pandas, SQL, NoSQL"
13,Ines Ben Ali,ines.ben.ali@gmail.com,"Photoshop, Figma, SQL, Kubernetes, React, API"
14,Walid Saidi,walid.saidi@gmail.com,"Figma, Linux, GCP, AWS, CI/CD, Numpy, NoSQL, Photoshop, API"
15,Ines Saidi,ines.saidi@gmail.com,"Pandas, AWS, Docker, HTML, Flask, Cloud"
16,Walid Ben Ali,walid.ben.ali@gmail.com,"AWS, Flask, Photoshop, Linux, Python, Figma, Azure, Java, Agile"
17,Walid Bouazizi,walid.bouazizi@gmail.com,"Photoshop, GCP, Linux, NoSQL, Cloud"
18,Mehdi Mansouri,mehdi.mansouri@gmail.com,"Docker, NoSQL, AWS, Photoshop, Linux, Kubernetes"
19,Walid Trabelsi,walid.trabelsi@gmail.com,"TensorFlow, AWS, Flask, CSS, Pandas, Kubernetes, Angular, Agile"
20,Mehdi Chelly,mehdi.chelly@gmail.com,"SQL, Figma, Linux, TensorFlow, Numpy, Kubernetes, SQL"
21,Sarra Gharbi,sarra.gharbi@gmail.com,"Docker, Linux, Pandas, CSS, Kubernetes"
22,Walid Kallel,walid.kallel@gmail.com,"TensorFlow, Numpy, Spring Boot, GCP, React, NoSQL"
23,Walid Chelly,walid.chelly@gmail.com,"Kubernetes, AWS, Spring Boot, Angular, SQL"
24,Leila Saidi,leila.saidi@gmail.com,"Pandas, Figma, JavaScript, TensorFlow, GCP, Python, SQL, Flask, Scrum"
25,Walid Gharbi,walid.gharbi@gmail.com,"Linux, Angular, Photoshop, Flask, React, JavaScript, Kubernetes, Cloud"
26,Karim Bouazizi,karim.bouazizi@gmail.com,"NoSQL, Azure, JavaScript, TensorFlow, Docker, React, HTML, Kubernetes"
27,Nesrine Ben Ali,nesrine.ben.ali@gmail.com,"Kubernetes, Flask, CSS, GCP, Cloud"
28,Mehdi Kallel,mehdi.kallel@gmail.com,"Python, NoSQL, TensorFlow, JavaScript, React, AWS, Linux, Angular, Scrum"
29,Walid Chelly,walid.chelly@gmail.com,"Docker, Numpy, Kubernetes, Azure, Pandas, API"
30,Leila Trabelsi,leila.trabelsi@gmail.com,"JavaScript, AWS, TensorFlow, GCP, Figma, CI/CD, SQL, NoSQL"
31,Yassine Kallel,yassine.kallel@gmail.com,"Docker, Photoshop, Numpy, JavaScript, CI/CD, Figma, API"
32,Mehdi Chelly,mehdi.chelly@gmail.com,"SQL, TensorFlow, Python, NoSQL, HTML, Photoshop, Linux, GCP, NoSQL"
33,Nesrine Khemiri,nesrine.khemiri@gmail.com,"SQL, TensorFlow, Azure, Pandas, Python, Flask, GCP, JavaScript, Docker"
34,Yassine Saidi,yassine.saidi@gmail.com,"Azure, JavaScript, Spring Boot, HTML, NoSQL"
35,Yassine Trabelsi,yassine.trabelsi@gmail.com,"Azure, Docker, SQL, CSS, Java, TensorFlow, Python, JavaScript, SQL"
36,Walid Saidi,walid.saidi@gmail.com,"SQL, React, JavaScript, Figma, Flask, Azure, TensorFlow, Scrum"
37,Nesrine Gharbi,nesrine.gharbi@gmail.com,"CSS, React, Docker, JavaScript, Scrum"
38,Walid Trabelsi,walid.trabelsi@gmail.com,"JavaScript, Java, CI/CD, Azure, Figma, Scrum"
39,Ines Trabelsi,ines.trabelsi@gmail.com,"CSS, CI/CD, Photoshop, HTML, Figma, Spring Boot, Kubernetes, Flask, Scrum"
40,Sarra Khemiri,sarra.khemiri@gmail.com,"Java, TensorFlow, React, NoSQL, Docker, HTML, Scrum"
41,Walid Saidi,walid.saidi@gmail.com,"Photoshop, TensorFlow, Kubernetes, Flask, HTML, SQL, Cloud"
42,Yassine Trabelsi,yassine.trabelsi@gmail.com,"Angular, Azure, TensorFlow, AWS, Linux, HTML, NoSQL, Numpy, Linux"
43,Ines Saidi,ines.saidi@gmail.com,"HTML, Angular, JavaScript, NoSQL, Azure, React, TensorFlow, Docker, API"
44,Nesrine Kallel,nesrine.kallel@gmail.com,"GCP, CSS, JavaScript, Python, Docker, TensorFlow, Pandas, Spring Boot, Docker"
45,Nesrine Saidi,nesrine.saidi@gmail.com,"Linux, AWS, Flask, Python, Docker, Java, Kubernetes"
46,Karim Khemiri,karim.khemiri@gmail.com,"Java, Azure, JavaScript, CI/CD, TensorFlow, React, Kubernetes, SQL"
47,Leila Khemiri,leila.khemiri@gmail.com,"AWS, Linux, Java, Photoshop, Flask, API"
48,Yassine Kallel,yassine.kallel@gmail.com,"GCP, CI/CD, SQL, Pandas, Linux, Docker"
49,Ameni Bouazizi,ameni.bouazizi@gmail.com,"Python, Spring Boot, TensorFlow, SQL, Azure, Linux"
50,Leila Kallel,leila.kallel@gmail.com,"CI/CD, Pandas, GCP, Docker, Python, Java, SQL, Kubernetes, NoSQL"
51,Yassine Bouazizi,yassine.bouazizi@gmail.com,"Pandas, CI/CD, Figma, GCP, Git"
52,Sarra Gharbi,sarra.gharbi@gmail.com,"Numpy, Java, Docker, CSS, SQL, TensorFlow, CI/CD, Linux"
53,Nesrine Khemiri,nesrine.khemiri@gmail.com,"GCP, CI/CD, CSS, Photoshop, Azure, Agile"
54,Amine Khemiri,amine.khemiri@gmail.com,"Python, HTML, Flask, React, SQL, Angular, SQL"
55,Amine Gharbi,amine.gharbi@gmail.com,"Figma, HTML, AWS, Azure, Scrum"
56,Yassine Mansouri,yassine.mansouri@gmail.com,"Kubernetes, Java, JavaScript, NoSQL, Pandas, Photoshop, API"
57,Ines Zouari,ines.zouari@gmail.com,"Numpy, SQL, GCP, React, JavaScript, Kubernetes, Python, CI/CD, Docker"
58,Amine Saidi,amine.saidi@gmail.com,"Docker, React, SQL, Spring Boot, Figma, Kubernetes"
59,Amine Zouari,amine.zouari@gmail.com,"HTML, AWS, Kubernetes, Spring Boot, CI/CD, SQL, GCP, API"
60,Mehdi Gharbi,mehdi.gharbi@gmail.com,"Spring Boot, Photoshop, NoSQL, AWS, Java, Angular, React, SQL"
61,Mehdi Saidi,mehdi.saidi@gmail.com,"TensorFlow, Python, Azure, React, GCP, Linux"
62,Nesrine Ben Ali,nesrine.ben.ali@gmail.com,"Numpy, Azure, CSS, AWS, Cloud"
63,Leila Bouazizi,leila.bouazizi@gmail.com,"CSS, NoSQL, CI/CD, Flask, Spring Boot, React, Docker, JavaScript, SQL"
64,Sarra Ben Ali,sarra.ben.ali@gmail.com,"SQL, Numpy, Pandas, Flask, CI/CD, Angular, Git"
65,Ameni Mansouri,ameni.mansouri@gmail.com,"HTML, Photoshop, Docker, Pandas, Spring Boot, CI/CD, Angular, Agile"
66,Yassine Mansouri,yassine.mansouri@gmail.com,"Angular, Figma, Photoshop, GCP, Cloud"
67,Karim Ben Ali,karim.ben.ali@gmail.com,"Flask, AWS, NoSQL, Figma, Azure, Linux, JavaScript, Linux"
68,Amine Trabelsi,amine.trabelsi@gmail.com,"Java, AWS, TensorFlow, JavaScript, GCP, Azure, Flask, Kubernetes"
69,Walid Bouazizi,walid.bouazizi@gmail.com,"Docker, React, CI/CD, Numpy, Python, Linux"
70,Ines Trabelsi,ines.trabelsi@gmail.com,"Photoshop, TensorFlow, Kubernetes, AWS, Linux, Docker, Azure, Flask, Cloud"
71,Karim Ben Ali,karim.ben.ali@gmail.com,"HTML, Linux, React, Photoshop, Docker, JavaScript, SQL"
72,Ines Gharbi,ines.gharbi@gmail.com,"Kubernetes, CSS, Pandas, TensorFlow, Python, HTML, NoSQL, Linux, Docker"
73,Leila Mansouri,leila.mansouri@gmail.com,"Kubernetes, Numpy, Pandas, Azure, Spring Boot, NoSQL"
74,Ines Zouari,ines.zouari@gmail.com,"Linux, TensorFlow, Flask, React, Kubernetes, Linux"
75,Nesrine Khemiri,nesrine.khemiri@gmail.com,"NoSQL, JavaScript, TensorFlow, Angular, AWS, HTML, Linux"
76,Amine Trabelsi,amine.trabelsi@gmail.com,"AWS, GCP, Docker, Kubernetes, Java, Figma, Photoshop, Agile"
77,Walid Mansouri,walid.mansouri@gmail.com,"Flask, AWS, Azure, Figma, Kubernetes, TensorFlow, CI/CD, Pandas, API"
78,Sarra Trabelsi,sarra.trabelsi@gmail.com,"NoSQL, Kubernetes, GCP, Spring Boot, SQL, Figma, CSS, SQL"
79,Yassine Ben Ali,yassine.ben.ali@gmail.com,"React, Numpy, CI/CD, GCP, Pandas, HTML, NoSQL"
80,Sarra Gharbi,sarra.gharbi@gmail.com,"HTML, CSS, TensorFlow, Figma, Photoshop, Pandas, Cloud"
81,Leila Khemiri,leila.khemiri@gmail.com,"Linux, Flask, GCP, NoSQL, Pandas, HTML, Python, Git"
82,Amine Bouazizi,amine.bouazizi@gmail.com,"Angular, Figma, CSS, HTML, Linux"
83,Karim Saidi,karim.saidi@gmail.com,"Figma, Angular, HTML, Photoshop, NoSQL"
84,Karim Khemiri,karim.khemiri@gmail.com,"AWS, Java, Kubernetes, Azure, JavaScript, Pandas, React, API"
85,Walid Gharbi,walid.gharbi@gmail.com,"Flask, Docker, Pandas, Java, AWS, SQL"
86,Ines Khemiri,ines.khemiri@gmail.com,"Azure, Numpy, Python, SQL, JavaScript, Agile"
87,Yassine Kallel,yassine.kallel@gmail.com,"React, Azure, Spring Boot, Pandas, Figma, Kubernetes, Photoshop, SQL, Linux"
88,Leila Khemiri,leila.khemiri@gmail.com,"AWS, Python, Docker, Pandas, Scrum"
89,Yassine Zouari,yassine.zouari@gmail.com,"Angular, Java, NoSQL, GCP, HTML, AWS, Numpy, React, API"
90,Nesrine Ben Ali,nesrine.ben.ali@gmail.com,"Pandas, Angular, Spring Boot, Photoshop, Docker, HTML, SQL, Figma, NoSQL"
91,Amine Khemiri,amine.khemiri@gmail.com,"Azure, Pandas, Java, CSS, Linux"
92,Yassine Chelly,yassine.chelly@gmail.com,"Photoshop, Docker, Python, SQL, NoSQL, Cloud"
93,Yassine Chelly,yassine.chelly@gmail.com,"TensorFlow, Photoshop, Kubernetes, GCP, Docker, Java, Scrum"
94,Nesrine Ben Ali,nesrine.ben.ali@gmail.com,"Figma, Linux, Flask, TensorFlow, GCP, Azure, Scrum"
95,Sarra Saidi,sarra.saidi@gmail.com,"Spring Boot, AWS, Azure, Angular, SQL, Docker, API"
96,Amine Bouazizi,amine.bouazizi@gmail.com,"React, Docker, Pandas, Figma, Flask, Numpy, CSS, CI/CD, API"
97,Leila Bouazizi,leila.bouazizi@gmail.com,"Spring Boot, Docker, HTML, Linux, CI/CD, Figma, GCP, Scrum"
98,Yassine Bouazizi,yassine.bouazizi@gmail.com,"Docker, Flask, HTML, Azure, SQL, GCP, CI/CD, Pandas, Linux"
99,Karim Zouari,karim.zouari@gmail.com,"Numpy, NoSQL, TensorFlow, Pandas, Flask, CI/CD, Angular, Docker"
100,Yassine Chelly,yassine.chelly@gmail.com,"Spring Boot, HTML, Docker, NoSQL, CSS, Figma, JavaScript, Java, Cloud"
1,Karim Kallel,karim.kallel@gmail.com,"TensorFlow, Photoshop, JavaScript, Spring Boot, HTML, Docker, SQL, Agile"
2,Amine Kallel,amine.kallel@gmail.com,"JavaScript, Spring Boot, SQL, Figma, Angular, Azure, React, Linux, SQL"
3,Sarra Ben Ali,sarra.ben.ali@gmail.com,"Linux, CI/CD, Docker, AWS, Figma, Scrum"
4,Leila Gharbi,leila.gharbi@gmail.com,"Pandas, AWS, CSS, Angular, Linux, Scrum"
5,Ameni Zouari,ameni.zouari@gmail.com,"TensorFlow, Docker, NoSQL, HTML, Figma, Python, Angular, Pandas, Cloud"
6,Nesrine Gharbi,nesrine.gharbi@gmail.com,"AWS, JavaScript, React, Kubernetes, Linux, Docker"
7,Leila Kallel,leila.kallel@gmail.com,"Angular, React, Spring Boot, SQL, Photoshop, TensorFlow, HTML, Docker"
8,Ameni Mansouri,ameni.mansouri@gmail.com,"AWS, Numpy, JavaScript, Python, Flask, Linux, Linux"
9,Ameni Trabelsi,ameni.trabelsi@gmail.com,"Photoshop, Numpy, Flask, CI/CD, SQL"
10,Amine Mansouri,amine.mansouri@gmail.com,"Figma, AWS, Angular, NoSQL, Photoshop, SQL"
11,Mehdi Mansouri,mehdi.mansouri@gmail.com,"Java, Kubernetes, Figma, GCP, Pandas, Photoshop, Kubernetes"
12,Sarra Zouari,sarra.zouari@gmail.com,"Python, JavaScript, NoSQL, Pandas, SQL, Agile"
13,Ines Ben Ali,ines.ben.ali@gmail.com,"Photoshop, Figma, SQL, Kubernetes, React, Scrum"
14,Walid Saidi,walid.saidi@gmail.com,"Figma, Linux, GCP, AWS, CI/CD, Numpy, NoSQL, Photoshop, Linux"
15,Ines Saidi,ines.saidi@gmail.com,"Pandas, AWS, Docker, HTML, Flask, NoSQL"
16,Walid Ben Ali,walid.ben.ali@gmail.com,"AWS, Flask, Photoshop, Linux, Python, Figma, Azure, Java, Kubernetes"
17,Walid Bouazizi,walid.bouazizi@gmail.com,"Photoshop, GCP, Linux, NoSQL, Git"
18,Mehdi Mansouri,mehdi.mansouri@gmail.com,"Docker, NoSQL, AWS, Photoshop, Linux, Agile"
19,Walid Trabelsi,walid.trabelsi@gmail.com,"TensorFlow, AWS, Flask, CSS, Pandas, Kubernetes, Angular, Git"
20,Mehdi Chelly,mehdi.chelly@gmail.com,"SQL, Figma, Linux, TensorFlow, Numpy, Kubernetes, NoSQL"
21,Sarra Gharbi,sarra.gharbi@gmail.com,"Docker, Linux, Pandas, CSS, Cloud"
22,Walid Kallel,walid.kallel@gmail.com,"TensorFlow, Numpy, Spring Boot, GCP, React, Linux"
23,Walid Chelly,walid.chelly@gmail.com,"Kubernetes, AWS, Spring Boot, Angular, Git"
24,Leila Saidi,leila.saidi@gmail.com,"Pandas, Figma, JavaScript, TensorFlow, GCP, Python, SQL, Flask, Agile"
25,Walid Gharbi,walid.gharbi@gmail.com,"Linux, Angular, Photoshop, Flask, React, JavaScript, Kubernetes, Git"
26,Karim Bouazizi,karim.bouazizi@gmail.com,"NoSQL, Azure, JavaScript, TensorFlow, Docker, React, HTML, Linux"
27,Nesrine Ben Ali,nesrine.ben.ali@gmail.com,"Kubernetes, Flask, CSS, GCP, Cloud"
28,Mehdi Kallel,mehdi.kallel@gmail.com,"Python, NoSQL, TensorFlow, JavaScript, React, AWS, Linux, Angular, Agile"
29,Walid Chelly,walid.chelly@gmail.com,"Docker, Numpy, Kubernetes, Azure, Pandas, Git"
30,Leila Trabelsi,leila.trabelsi@gmail.com,"JavaScript, AWS, TensorFlow, GCP, Figma, CI/CD, SQL, NoSQL"
31,Yassine Kallel,yassine.kallel@gmail.com,"Docker, Photoshop, Numpy, JavaScript, CI/CD, Figma, SQL"
32,Mehdi Chelly,mehdi.chelly@gmail.com,"SQL, TensorFlow, Python, NoSQL, HTML, Photoshop, Linux, GCP, Linux"
33,Nesrine Khemiri,nesrine.khemiri@gmail.com,"SQL, TensorFlow, Azure, Pandas, Python, Flask, GCP, JavaScript, Linux"
34,Yassine Saidi,yassine.saidi@gmail.com,"Azure, JavaScript, Spring Boot, HTML, Cloud"
35,Yassine Trabelsi,yassine.trabelsi@gmail.com,"Azure, Docker, SQL, CSS, Java, TensorFlow, Python, JavaScript, Kubernetes"
36,Walid Saidi,walid.saidi@gmail.com,"SQL, React, JavaScript, Figma, Flask, Azure, TensorFlow, Docker"
37,Nesrine Gharbi,nesrine.gharbi@gmail.com,"CSS, React, Docker, JavaScript, API"
38,Walid Trabelsi,walid.trabelsi@gmail.com,"JavaScript, Java, CI/CD, Azure, Figma, Linux"
39,Ines Trabelsi,ines.trabelsi@gmail.com,"CSS, CI/CD, Photoshop, HTML, Figma, Spring Boot, Kubernetes, Flask, Docker"
40,Sarra Khemiri,sarra.khemiri@gmail.com,"Java, TensorFlow, React, NoSQL, Docker, HTML, API"
41,Walid Saidi,walid.saidi@gmail.com,"Photoshop, TensorFlow, Kubernetes, Flask, HTML, SQL, Linux"
42,Yassine Trabelsi,yassine.trabelsi@gmail.com,"Angular, Azure, TensorFlow, AWS, Linux, HTML, NoSQL, Numpy, SQL"
43,Ines Saidi,ines.saidi@gmail.com,"HTML, Angular, JavaScript, NoSQL, Azure, React, TensorFlow, Docker, SQL"
44,Nesrine Kallel,nesrine.kallel@gmail.com,"GCP, CSS, JavaScript, Python, Docker, TensorFlow, Pandas, Spring Boot, NoSQL"
45,Nesrine Saidi,nesrine.saidi@gmail.com,"Linux, AWS, Flask, Python, Docker, Java, Agile"
46,Karim Khemiri,karim.khemiri@gmail.com,"Java, Azure, JavaScript, CI/CD, TensorFlow, React, Kubernetes, API"
47,Leila Khemiri,leila.khemiri@gmail.com,"AWS, Linux, Java, Photoshop, Flask, Git"
48,Yassine Kallel,yassine.kallel@gmail.com,"GCP, CI/CD, SQL, Pandas, Linux, Scrum"
49,Ameni Bouazizi,ameni.bouazizi@gmail.com,"Python, Spring Boot, TensorFlow, SQL, Azure, NoSQL"
50,Leila Kallel,leila.kallel@gmail.com,"CI/CD, Pandas, GCP, Docker, Python, Java, SQL, Kubernetes, Docker"
51,Yassine Bouazizi,yassine.bouazizi@gmail.com,"Pandas, CI/CD, Figma, GCP, Cloud"
52,Sarra Gharbi,sarra.gharbi@gmail.com,"Numpy, Java, Docker, CSS, SQL, TensorFlow, CI/CD, Docker"
53,Nesrine Khemiri,nesrine.khemiri@gmail.com,"GCP, CI/CD, CSS, Photoshop, Azure, Kubernetes"
54,Amine Khemiri,amine.khemiri@gmail.com,"Python, HTML, Flask, React, SQL, Angular, Agile"
55,Amine Gharbi,amine.gharbi@gmail.com,"Figma, HTML, AWS, Azure, Cloud"
56,Yassine Mansouri,yassine.mansouri@gmail.com,"Kubernetes, Java, JavaScript, NoSQL, Pandas, Photoshop, Linux"
57,Ines Zouari,ines.zouari@gmail.com,"Numpy, SQL, GCP, React, JavaScript, Kubernetes, Python, CI/CD, NoSQL"
58,Amine Saidi,amine.saidi@gmail.com,"Docker, React, SQL, Spring Boot, Figma, SQL"
59,Amine Zouari,amine.zouari@gmail.com,"HTML, AWS, Kubernetes, Spring Boot, CI/CD, SQL, GCP, Scrum"
60,Mehdi Gharbi,mehdi.gharbi@gmail.com,"Spring Boot, Photoshop, NoSQL, AWS, Java, Angular, React, Linux"
61,Mehdi Saidi,mehdi.saidi@gmail.com,"TensorFlow, Python, Azure, React, GCP, Kubernetes"
62,Nesrine Ben Ali,nesrine.ben.ali@gmail.com,"Numpy, Azure, CSS, AWS, SQL"
63,Leila Bouazizi,leila.bouazizi@gmail.com,"CSS, NoSQL, CI/CD, Flask, Spring Boot, React, Docker, JavaScript, Cloud"
64,Sarra Ben Ali,sarra.ben.ali@gmail.com,"SQL, Numpy, Pandas, Flask, CI/CD, Angular, Git"
65,Ameni Mansouri,ameni.mansouri@gmail.com,"HTML, Photoshop, Docker, Pandas, Spring Boot, CI/CD, Angular, Linux"
66,Yassine Mansouri,yassine.mansouri@gmail.com,"Angular, Figma, Photoshop, GCP, Git"
67,Karim Ben Ali,karim.ben.ali@gmail.com,"Flask, AWS, NoSQL, Figma, Azure, Linux, JavaScript, Agile"
68,Amine Trabelsi,amine.trabelsi@gmail.com,"Java, AWS, TensorFlow, JavaScript, GCP, Azure, Flask, Agile"
69,Walid Bouazizi,walid.bouazizi@gmail.com,"Docker, React, CI/CD, Numpy, Python, NoSQL"
70,Ines Trabelsi,ines.trabelsi@gmail.com,"Photoshop, TensorFlow, Kubernetes, AWS, Linux, Docker, Azure, Flask, SQL"
71,Karim Ben Ali,karim.ben.ali@gmail.com,"HTML, Linux, React, Photoshop, Docker, JavaScript, Linux"
72,Ines Gharbi,ines.gharbi@gmail.com,"Kubernetes, CSS, Pandas, TensorFlow, Python, HTML, NoSQL, Linux, Agile"
73,Leila Mansouri,leila.mansouri@gmail.com,"Kubernetes, Numpy, Pandas, Azure, Spring Boot, Git"
74,Ines Zouari,ines.zouari@gmail.com,"Linux, TensorFlow, Flask, React, Kubernetes, Kubernetes"
75,Nesrine Khemiri,nesrine.khemiri@gmail.com,"NoSQL, JavaScript, TensorFlow, Angular, AWS, HTML, Git"
76,Amine Trabelsi,amine.trabelsi@gmail.com,"AWS, GCP, Docker, Kubernetes, Java, Figma, Photoshop, SQL"
77,Walid Mansouri,walid.mansouri@gmail.com,"Flask, AWS, Azure, Figma, Kubernetes, TensorFlow, CI/CD, Pandas, Scrum"
78,Sarra Trabelsi,sarra.trabelsi@gmail.com,"NoSQL, Kubernetes, GCP, Spring Boot, SQL, Figma, CSS, Agile"
79,Yassine Ben Ali,yassine.ben.ali@gmail.com,"React, Numpy, CI/CD, GCP, Pandas, HTML, Cloud"
80,Sarra Gharbi,sarra.gharbi@gmail.com,"HTML, CSS, TensorFlow, Figma, Photoshop, Pandas, Scrum"
81,Leila Khemiri,leila.khemiri@gmail.com,"Linux, Flask, GCP, NoSQL, Pandas, HTML, Python, NoSQL"
82,Amine Bouazizi,amine.bouazizi@gmail.com,"Angular, Figma, CSS, HTML, SQL"
83,Karim Saidi,karim.saidi@gmail.com,"Figma, Angular, HTML, Photoshop, NoSQL"
84,Karim Khemiri,karim.khemiri@gmail.com,"AWS, Java, Kubernetes, Azure, JavaScript, Pandas, React, Docker"
85,Walid Gharbi,walid.gharbi@gmail.com,"Flask, Docker, Pandas, Java, AWS, Agile"
86,Ines Khemiri,ines.khemiri@gmail.com,"Azure, Numpy, Python, SQL, JavaScript, Linux"
87,Yassine Kallel,yassine.kallel@gmail.com,"React, Azure, Spring Boot, Pandas, Figma, Kubernetes, Photoshop, SQL, Linux"
88,Leila Khemiri,leila.khemiri@gmail.com,"AWS, Python, Docker, Pandas, SQL"
89,Yassine Zouari,yassine.zouari@gmail.com,"Angular, Java, NoSQL, GCP, HTML, AWS, Numpy, React, Cloud"
90,Nesrine Ben Ali,nesrine.ben.ali@gmail.com,"Pandas, Angular, Spring Boot, Photoshop, Docker, HTML, SQL, Figma, Docker"
91,Amine Khemiri,amine.khemiri@gmail.com,"Azure, Pandas, Java, CSS, Agile"
92,Yassine Chelly,yassine.chelly@gmail.com,"Photoshop, Docker, Python, SQL, NoSQL, Scrum"
93,Yassine Chelly,yassine.chelly@gmail.com,"TensorFlow, Photoshop, Kubernetes, GCP, Docker, Java, Linux"
94,Nesrine Ben Ali,nesrine.ben.ali@gmail.com,"Figma, Linux, Flask, TensorFlow, GCP, Azure, Cloud"
95,Sarra Saidi,sarra.saidi@gmail.com,"Spring Boot, AWS, Azure, Angular, SQL, Docker, Cloud"
96,Amine Bouazizi,amine.bouazizi@gmail.com,"React, Docker, Pandas, Figma, Flask, Numpy, CSS, CI/CD, Linux"
97,Leila Bouazizi,leila.bouazizi@gmail.com,"Spring Boot, Docker, HTML, Linux, CI/CD, Figma, GCP, NoSQL"
98,Yassine Bouazizi,yassine.bouazizi@gmail.com,"Docker, Flask, HTML, Azure, SQL, GCP, CI/CD, Pandas, Linux"
99,Karim Zouari,karim.zouari@gmail.com,"Numpy, NoSQL, TensorFlow, Pandas, Flask, CI/CD, Angular, Docker"
100,Yassine Chelly,yassine.chelly@gmail.com,"Spring Boot, HTML, Docker, NoSQL, CSS, Figma, JavaScript, Java, SQL"
1,Karim Kallel,karim.kallel@gmail.com,"TensorFlow, Photoshop, JavaScript, Spring Boot, HTML, Docker, SQL, Git"
2,Amine Kallel,amine.kallel@gmail.com,"JavaScript, Spring Boot, SQL, Figma, Angular, Azure, React, Linux, NoSQL"
3,Sarra Ben Ali,sarra.ben.ali@gmail.com,"Linux, CI/CD, Docker, AWS, Figma, Cloud"
4,Leila Gharbi,leila.gharbi@gmail.com,"Pandas, AWS, CSS, Angular, Linux, Linux"
5,Ameni Zouari,ameni.zouari@gmail.com,"TensorFlow, Docker, NoSQL, HTML, Figma, Python, Angular, Pandas, Git"
6,Nesrine Gharbi,nesrine.gharbi@gmail.com,"AWS, JavaScript, React, Kubernetes, Linux, Agile"
7,Leila Kallel,leila.kallel@gmail.com,"Angular, React, Spring Boot, SQL, Photoshop, TensorFlow, HTML, Agile"
8,Ameni Mansouri,ameni.mansouri@gmail.com,"AWS, Numpy, JavaScript, Python, Flask, Linux, Kubernetes"
9,Ameni Trabelsi,ameni.trabelsi@gmail.com,"Photoshop, Numpy, Flask, CI/CD, API"
10,Amine Mansouri,amine.mansouri@gmail.com,"Figma, AWS, Angular, NoSQL, Photoshop, Linux"
11,Mehdi Mansouri,mehdi.mansouri@gmail.com,"Java, Kubernetes, Figma, GCP, Pandas, Photoshop, SQL"
12,Sarra Zouari,sarra.zouari@gmail.com,"Python, JavaScript, NoSQL, Pandas, SQL, Git"
13,Ines Ben Ali,ines.ben.ali@gmail.com,"Photoshop, Figma, SQL, Kubernetes, React, Git"
14,Walid Saidi,walid.saidi@gmail.com,"Figma, Linux, GCP, AWS, CI/CD, Numpy, NoSQL, Photoshop, Cloud"
15,Ines Saidi,ines.saidi@gmail.com,"Pandas, AWS, Docker, HTML, Flask, Linux"
16,Walid Ben Ali,walid.ben.ali@gmail.com,"AWS, Flask, Photoshop, Linux, Python, Figma, Azure, Java, Agile"
17,Walid Bouazizi,walid.bouazizi@gmail.com,"Photoshop, GCP, Linux, NoSQL, Scrum"
18,Mehdi Mansouri,mehdi.mansouri@gmail.com,"Docker, NoSQL, AWS, Photoshop, Linux, Agile"
19,Walid Trabelsi,walid.trabelsi@gmail.com,"TensorFlow, AWS, Flask, CSS, Pandas, Kubernetes, Angular, API"
20,Mehdi Chelly,mehdi.chelly@gmail.com,"SQL, Figma, Linux, TensorFlow, Numpy, Kubernetes, Scrum"
21,Sarra Gharbi,sarra.gharbi@gmail.com,"Docker, Linux, Pandas, CSS, SQL"
22,Walid Kallel,walid.kallel@gmail.com,"TensorFlow, Numpy, Spring Boot, GCP, React, Linux"
23,Walid Chelly,walid.chelly@gmail.com,"Kubernetes, AWS, Spring Boot, Angular, API"
24,Leila Saidi,leila.saidi@gmail.com,"Pandas, Figma, JavaScript, TensorFlow, GCP, Python, SQL, Flask, Git"
25,Walid Gharbi,walid.gharbi@gmail.com,"Linux, Angular, Photoshop, Flask, React, JavaScript, Kubernetes, API"
26,Karim Bouazizi,karim.bouazizi@gmail.com,"NoSQL, Azure, JavaScript, TensorFlow, Docker, React, HTML, Linux"
27,Nesrine Ben Ali,nesrine.ben.ali@gmail.com,"Kubernetes, Flask, CSS, GCP, Docker"
28,Mehdi Kallel,mehdi.kallel@gmail.com,"Python, NoSQL, TensorFlow, JavaScript, React, AWS, Linux, Angular, NoSQL"
29,Walid Chelly,walid.chelly@gmail.com,"Docker, Numpy, Kubernetes, Azure, Pandas, SQL"
30,Leila Trabelsi,leila.trabelsi@gmail.com,"JavaScript, AWS, TensorFlow, GCP, Figma, CI/CD, SQL, Agile"
31,Yassine Kallel,yassine.kallel@gmail.com,"Docker, Photoshop, Numpy, JavaScript, CI/CD, Figma, Cloud"
32,Mehdi Chelly,mehdi.chelly@gmail.com,"SQL, TensorFlow, Python, NoSQL, HTML, Photoshop, Linux, GCP, Kubernetes"
33,Nesrine Khemiri,nesrine.khemiri@gmail.com,"SQL, TensorFlow, Azure, Pandas, Python, Flask, GCP, JavaScript, API"
34,Yassine Saidi,yassine.saidi@gmail.com,"Azure, JavaScript, Spring Boot, HTML, Docker"
35,Yassine Trabelsi,yassine.trabelsi@gmail.com,"Azure, Docker, SQL, CSS, Java, TensorFlow, Python, JavaScript, NoSQL"
36,Walid Saidi,walid.saidi@gmail.com,"SQL, React, JavaScript, Figma, Flask, Azure, TensorFlow, API"
37,Nesrine Gharbi,nesrine.gharbi@gmail.com,"CSS, React, Docker, JavaScript, NoSQL"
38,Walid Trabelsi,walid.trabelsi@gmail.com,"JavaScript, Java, CI/CD, Azure, Figma, Agile"
39,Ines Trabelsi,ines.trabelsi@gmail.com,"CSS, CI/CD, Photoshop, HTML, Figma, Spring Boot, Kubernetes, Flask, Cloud"
40,Sarra Khemiri,sarra.khemiri@gmail.com,"Java, TensorFlow, React, NoSQL, Docker, HTML, Cloud"
41,Walid Saidi,walid.saidi@gmail.com,"Photoshop, TensorFlow, Kubernetes, Flask, HTML, SQL, NoSQL"
42,Yassine Trabelsi,yassine.trabelsi@gmail.com,"Angular, Azure, TensorFlow, AWS, Linux, HTML, NoSQL, Numpy, NoSQL"
43,Ines Saidi,ines.saidi@gmail.com,"HTML, Angular, JavaScript, NoSQL, Azure, React, TensorFlow, Docker, NoSQL"
44,Nesrine Kallel,nesrine.kallel@gmail.com,"GCP, CSS, JavaScript, Python, Docker, TensorFlow, Pandas, Spring Boot, Docker"
45,Nesrine Saidi,nesrine.saidi@gmail.com,"Linux, AWS, Flask, Python, Docker, Java, Agile"
46,Karim Khemiri,karim.khemiri@gmail.com,"Java, Azure, JavaScript, CI/CD, TensorFlow, React, Kubernetes, Docker"
47,Leila Khemiri,leila.khemiri@gmail.com,"AWS, Linux, Java, Photoshop, Flask, API"
48,Yassine Kallel,yassine.kallel@gmail.com,"GCP, CI/CD, SQL, Pandas, Linux, Kubernetes"
49,Ameni Bouazizi,ameni.bouazizi@gmail.com,"Python, Spring Boot, TensorFlow, SQL, Azure, API"
50,Leila Kallel,leila.kallel@gmail.com,"CI/CD, Pandas, GCP, Docker, Python, Java, SQL, Kubernetes, Linux"
51,Yassine Bouazizi,yassine.bouazizi@gmail.com,"Pandas, CI/CD, Figma, GCP, Git"
52,Sarra Gharbi,sarra.gharbi@gmail.com,"Numpy, Java, Docker, CSS, SQL, TensorFlow, CI/CD, Cloud"
53,Nesrine Khemiri,nesrine.khemiri@gmail.com,"GCP, CI/CD, CSS, Photoshop, Azure, Git"
54,Amine Khemiri,amine.khemiri@gmail.com,"Python, HTML, Flask, React, SQL, Angular, API"
55,Amine Gharbi,amine.gharbi@gmail.com,"Figma, HTML, AWS, Azure, Cloud"
56,Yassine Mansouri,yassine.mansouri@gmail.com,"Kubernetes, Java, JavaScript, NoSQL, Pandas, Photoshop, API"
57,Ines Zouari,ines.zouari@gmail.com,"Numpy, SQL, GCP, React, JavaScript, Kubernetes, Python, CI/CD, Docker"
58,Amine Saidi,amine.saidi@gmail.com,"Docker, React, SQL, Spring Boot, Figma, Git"
59,Amine Zouari,amine.zouari@gmail.com,"HTML, AWS, Kubernetes, Spring Boot, CI/CD, SQL, GCP, Kubernetes"
60,Mehdi Gharbi,mehdi.gharbi@gmail.com,"Spring Boot, Photoshop, NoSQL, AWS, Java, Angular, React, Docker"
61,Mehdi Saidi,mehdi.saidi@gmail.com,"TensorFlow, Python, Azure, React, GCP, SQL"
62,Nesrine Ben Ali,nesrine.ben.ali@gmail.com,"Numpy, Azure, CSS, AWS, Linux"
63,Leila Bouazizi,leila.bouazizi@gmail.com,"CSS, NoSQL, CI/CD, Flask, Spring Boot, React, Docker, JavaScript, Linux"
64,Sarra Ben Ali,sarra.ben.ali@gmail.com,"SQL, Numpy, Pandas, Flask, CI/CD, Angular, Linux"
65,Ameni Mansouri,ameni.mansouri@gmail.com,"HTML, Photoshop, Docker, Pandas, Spring Boot, CI/CD, Angular, Agile"
66,Yassine Mansouri,yassine.mansouri@gmail.com,"Angular, Figma, Photoshop, GCP, NoSQL"
67,Karim Ben Ali,karim.ben.ali@gmail.com,"Flask, AWS, NoSQL, Figma, Azure, Linux, JavaScript, Cloud"
68,Amine Trabelsi,amine.trabelsi@gmail.com,"Java, AWS, TensorFlow, JavaScript, GCP, Azure, Flask, Git"
69,Walid Bouazizi,walid.bouazizi@gmail.com,"Docker, React, CI/CD, Numpy, Python, Docker"
70,Ines Trabelsi,ines.trabelsi@gmail.com,"Photoshop, TensorFlow, Kubernetes, AWS, Linux, Docker, Azure, Flask, API"
71,Karim Ben Ali,karim.ben.ali@gmail.com,"HTML, Linux, React, Photoshop, Docker, JavaScript, SQL"
72,Ines Gharbi,ines.gharbi@gmail.com,"Kubernetes, CSS, Pandas, TensorFlow, Python, HTML, NoSQL, Linux, SQL"
73,Leila Mansouri,leila.mansouri@gmail.com,"Kubernetes, Numpy, Pandas, Azure, Spring Boot, NoSQL"
74,Ines Zouari,ines.zouari@gmail.com,"Linux, TensorFlow, Flask, React, Kubernetes, Agile"
75,Nesrine Khemiri,nesrine.khemiri@gmail.com,"NoSQL, JavaScript, TensorFlow, Angular, AWS, HTML, API"
76,Amine Trabelsi,amine.trabelsi@gmail.com,"AWS, GCP, Docker, Kubernetes, Java, Figma, Photoshop, Cloud"
77,Walid Mansouri,walid.mansouri@gmail.com,"Flask, AWS, Azure, Figma, Kubernetes, TensorFlow, CI/CD, Pandas, SQL"
78,Sarra Trabelsi,sarra.trabelsi@gmail.com,"NoSQL, Kubernetes, GCP, Spring Boot, SQL, Figma, CSS, NoSQL"
79,Yassine Ben Ali,yassine.ben.ali@gmail.com,"React, Numpy, CI/CD, GCP, Pandas, HTML, SQL"
80,Sarra Gharbi,sarra.gharbi@gmail.com,"HTML, CSS, TensorFlow, Figma, Photoshop, Pandas, Git"
81,Leila Khemiri,leila.khemiri@gmail.com,"Linux, Flask, GCP, NoSQL, Pandas, HTML, Python, Kubernetes"
82,Amine Bouazizi,amine.bouazizi@gmail.com,"Angular, Figma, CSS, HTML, Docker"
83,Karim Saidi,karim.saidi@gmail.com,"Figma, Angular, HTML, Photoshop, Git"
84,Karim Khemiri,karim.khemiri@gmail.com,"AWS, Java, Kubernetes, Azure, JavaScript, Pandas, React, API"
85,Walid Gharbi,walid.gharbi@gmail.com,"Flask, Docker, Pandas, Java, AWS, NoSQL"
86,Ines Khemiri,ines.khemiri@gmail.com,"Azure, Numpy, Python, SQL, JavaScript, Kubernetes"
87,Yassine Kallel,yassine.kallel@gmail.com,"React, Azure, Spring Boot, Pandas, Figma, Kubernetes, Photoshop, SQL, Scrum"
88,Leila Khemiri,leila.khemiri@gmail.com,"AWS, Python, Docker, Pandas, Agile"
89,Yassine Zouari,yassine.zouari@gmail.com,"Angular, Java, NoSQL, GCP, HTML, AWS, Numpy, React, Cloud"
90,Nesrine Ben Ali,nesrine.ben.ali@gmail.com,"Pandas, Angular, Spring Boot, Photoshop, Docker, HTML, SQL, Figma, NoSQL"
91,Amine Khemiri,amine.khemiri@gmail.com,"Azure, Pandas, Java, CSS, Linux"
92,Yassine Chelly,yassine.chelly@gmail.com,"Photoshop, Docker, Python, SQL, NoSQL, API"
93,Yassine Chelly,yassine.chelly@gmail.com,"TensorFlow, Photoshop, Kubernetes, GCP, Docker, Java, Linux"
94,Nesrine Ben Ali,nesrine.ben.ali@gmail.com,"Figma, Linux, Flask, TensorFlow, GCP, Azure, Kubernetes"
95,Sarra Saidi,sarra.saidi@gmail.com,"Spring Boot, AWS, Azure, Angular, SQL, Docker, Docker"
96,Amine Bouazizi,amine.bouazizi@gmail.com,"React, Docker, Pandas, Figma, Flask, Numpy, CSS, CI/CD, Scrum"
97,Leila Bouazizi,leila.bouazizi@gmail.com,"Spring Boot, Docker, HTML, Linux, CI/CD, Figma, GCP, Git"
98,Yassine Bouazizi,yassine.bouazizi@gmail.com,"Docker, Flask, HTML, Azure, SQL, GCP, CI/CD, Pandas, SQL"
99,Karim Zouari,karim.zouari@gmail.com,"Numpy, NoSQL, TensorFlow, Pandas, Flask, CI/CD, Angular, SQL"
100,Yassine Chelly,yassine.chelly@gmail.com,"Spring Boot, HTML, Docker, NoSQL, CSS, Figma, JavaScript, Java, Scrum"
1,Karim Kallel,karim.kallel@gmail.com,"TensorFlow, Photoshop, JavaScript, Spring Boot, HTML, Docker, SQL, SQL"
2,Amine Kallel,amine.kallel@gmail.com,"JavaScript, Spring Boot, SQL, Figma, Angular, Azure, React, Linux, Agile"
3,Sarra Ben Ali,sarra.ben.ali@gmail.com,"Linux, CI/CD, Docker, AWS, Figma, Linux"
4,Leila Gharbi,leila.gharbi@gmail.com,"Pandas, AWS, CSS, Angular, Linux, Kubernetes"
5,Ameni Zouari,ameni.zouari@gmail.com,"TensorFlow, Docker, NoSQL, HTML, Figma, Python, Angular, Pandas, Git"
6,Nesrine Gharbi,nesrine.gharbi@gmail.com,"AWS, JavaScript, React, Kubernetes, Linux, Scrum"
7,Leila Kallel,leila.kallel@gmail.com,"Angular, React, Spring Boot, SQL, Photoshop, TensorFlow, HTML, Agile"
8,Ameni Mansouri,ameni.mansouri@gmail.com,"AWS, Numpy, JavaScript, Python, Flask, Linux, API"
9,Ameni Trabelsi,ameni.trabelsi@gmail.com,"Photoshop, Numpy, Flask, CI/CD, SQL"
10,Amine Mansouri,amine.mansouri@gmail.com,"Figma, AWS, Angular, NoSQL, Photoshop, Docker"
11,Mehdi Mansouri,mehdi.mansouri@gmail.com,"Java, Kubernetes, Figma, GCP, Pandas, Photoshop, Linux"
12,Sarra Zouari,sarra.zouari@gmail.com,"Python, JavaScript, NoSQL, Pandas, SQL, Scrum"
13,Ines Ben Ali,ines.ben.ali@gmail.com,"Photoshop, Figma, SQL, Kubernetes, React, Cloud"
14,Walid Saidi,walid.saidi@gmail.com,"Figma, Linux, GCP, AWS, CI/CD, Numpy, NoSQL, Photoshop, Linux"
15,Ines Saidi,ines.saidi@gmail.com,"Pandas, AWS, Docker, HTML, Flask, Linux"
16,Walid Ben Ali,walid.ben.ali@gmail.com,"AWS, Flask, Photoshop, Linux, Python, Figma, Azure, Java, Git"
17,Walid Bouazizi,walid.bouazizi@gmail.com,"Photoshop, GCP, Linux, NoSQL, Docker"
18,Mehdi Mansouri,mehdi.mansouri@gmail.com,"Docker, NoSQL, AWS, Photoshop, Linux, Linux"
19,Walid Trabelsi,walid.trabelsi@gmail.com,"TensorFlow, AWS, Flask, CSS, Pandas, Kubernetes, Angular, Git"
20,Mehdi Chelly,mehdi.chelly@gmail.com,"SQL, Figma, Linux, TensorFlow, Numpy, Kubernetes, Git"
21,Sarra Gharbi,sarra.gharbi@gmail.com,"Docker, Linux, Pandas, CSS, SQL"
22,Walid Kallel,walid.kallel@gmail.com,"TensorFlow, Numpy, Spring Boot, GCP, React, NoSQL"
23,Walid Chelly,walid.chelly@gmail.com,"Kubernetes, AWS, Spring Boot, Angular, Kubernetes"
24,Leila Saidi,leila.saidi@gmail.com,"Pandas, Figma, JavaScript, TensorFlow, GCP, Python, SQL, Flask, Agile"
25,Walid Gharbi,walid.gharbi@gmail.com,"Linux, Angular, Photoshop, Flask, React, JavaScript, Kubernetes, SQL"
26,Karim Bouazizi,karim.bouazizi@gmail.com,"NoSQL, Azure, JavaScript, TensorFlow, Docker, React, HTML, Cloud"
27,Nesrine Ben Ali,nesrine.ben.ali@gmail.com,"Kubernetes, Flask, CSS, GCP, Scrum"
28,Mehdi Kallel,mehdi.kallel@gmail.com,"Python, NoSQL, TensorFlow, JavaScript, React, AWS, Linux, Angular, Scrum"
29,Walid Chelly,walid.chelly@gmail.com,"Docker, Numpy, Kubernetes, Azure, Pandas, Git"
30,Leila Trabelsi,leila.trabelsi@gmail.com,"JavaScript, AWS, TensorFlow, GCP, Figma, CI/CD, SQL, API"
31,Yassine Kallel,yassine.kallel@gmail.com,"Docker, Photoshop, Numpy, JavaScript, CI/CD, Figma, Docker"
32,Mehdi Chelly,mehdi.chelly@gmail.com,"SQL, TensorFlow, Python, NoSQL, HTML, Photoshop, Linux, GCP, NoSQL"
33,Nesrine Khemiri,nesrine.khemiri@gmail.com,"SQL, TensorFlow, Azure, Pandas, Python, Flask, GCP, JavaScript, Kubernetes"
34,Yassine Saidi,yassine.saidi@gmail.com,"Azure, JavaScript, Spring Boot, HTML, Cloud"
35,Yassine Trabelsi,yassine.trabelsi@gmail.com,"Azure, Docker, SQL, CSS, Java, TensorFlow, Python, JavaScript, Linux"
36,Walid Saidi,walid.saidi@gmail.com,"SQL, React, JavaScript, Figma, Flask, Azure, TensorFlow, Docker"
37,Nesrine Gharbi,nesrine.gharbi@gmail.com,"CSS, React, Docker, JavaScript, Cloud"
38,Walid Trabelsi,walid.trabelsi@gmail.com,"JavaScript, Java, CI/CD, Azure, Figma, Kubernetes"
39,Ines Trabelsi,ines.trabelsi@gmail.com,"CSS, CI/CD, Photoshop, HTML, Figma, Spring Boot, Kubernetes, Flask, Git"
40,Sarra Khemiri,sarra.khemiri@gmail.com,"Java, TensorFlow, React, NoSQL, Docker, HTML, Agile"
41,Walid Saidi,walid.saidi@gmail.com,"Photoshop, TensorFlow, Kubernetes, Flask, HTML, SQL, Agile"
42,Yassine Trabelsi,yassine.trabelsi@gmail.com,"Angular, Azure, TensorFlow, AWS, Linux, HTML, NoSQL, Numpy, Linux"
43,Ines Saidi,ines.saidi@gmail.com,"HTML, Angular, JavaScript, NoSQL, Azure, React, TensorFlow, Docker, Docker"
44,Nesrine Kallel,nesrine.kallel@gmail.com,"GCP, CSS, JavaScript, Python, Docker, TensorFlow, Pandas, Spring Boot, Linux"
45,Nesrine Saidi,nesrine.saidi@gmail.com,"Linux, AWS, Flask, Python, Docker, Java, Agile"
46,Karim Khemiri,karim.khemiri@gmail.com,"Java, Azure, JavaScript, CI/CD, TensorFlow, React, Kubernetes, SQL"
47,Leila Khemiri,leila.khemiri@gmail.com,"AWS, Linux, Java, Photoshop, Flask, Cloud"
48,Yassine Kallel,yassine.kallel@gmail.com,"GCP, CI/CD, SQL, Pandas, Linux, Scrum"
49,Ameni Bouazizi,ameni.bouazizi@gmail.com,"Python, Spring Boot, TensorFlow, SQL, Azure, API"
50,Leila Kallel,leila.kallel@gmail.com,"CI/CD, Pandas, GCP, Docker, Python, Java, SQL, Kubernetes, API"
51,Yassine Bouazizi,yassine.bouazizi@gmail.com,"Pandas, CI/CD, Figma, GCP, Linux"
52,Sarra Gharbi,sarra.gharbi@gmail.com,"Numpy, Java, Docker, CSS, SQL, TensorFlow, CI/CD, NoSQL"
53,Nesrine Khemiri,nesrine.khemiri@gmail.com,"GCP, CI/CD, CSS, Photoshop, Azure, SQL"
54,Amine Khemiri,amine.khemiri@gmail.com,"Python, HTML, Flask, React, SQL, Angular, Linux"
55,Amine Gharbi,amine.gharbi@gmail.com,"Figma, HTML, AWS, Azure, Git"
56,Yassine Mansouri,yassine.mansouri@gmail.com,"Kubernetes, Java, JavaScript, NoSQL, Pandas, Photoshop, Linux"
57,Ines Zouari,ines.zouari@gmail.com,"Numpy, SQL, GCP, React, JavaScript, Kubernetes, Python, CI/CD, Linux"
58,Amine Saidi,amine.saidi@gmail.com,"Docker, React, SQL, Spring Boot, Figma, NoSQL"
59,Amine Zouari,amine.zouari@gmail.com,"HTML, AWS, Kubernetes, Spring Boot, CI/CD, SQL, GCP, API"
60,Mehdi Gharbi,mehdi.gharbi@gmail.com,"Spring Boot, Photoshop, NoSQL, AWS, Java, Angular, React, Kubernetes"
61,Mehdi Saidi,mehdi.saidi@gmail.com,"TensorFlow, Python, Azure, React, GCP, Docker"
62,Nesrine Ben Ali,nesrine.ben.ali@gmail.com,"Numpy, Azure, CSS, AWS, Agile"
63,Leila Bouazizi,leila.bouazizi@gmail.com,"CSS, NoSQL, CI/CD, Flask, Spring Boot, React, Docker, JavaScript, SQL"
64,Sarra Ben Ali,sarra.ben.ali@gmail.com,"SQL, Numpy, Pandas, Flask, CI/CD, Angular, Cloud"
65,Ameni Mansouri,ameni.mansouri@gmail.com,"HTML, Photoshop, Docker, Pandas, Spring Boot, CI/CD, Angular, Linux"
66,Yassine Mansouri,yassine.mansouri@gmail.com,"Angular, Figma, Photoshop, GCP, Docker"
67,Karim Ben Ali,karim.ben.ali@gmail.com,"Flask, AWS, NoSQL, Figma, Azure, Linux, JavaScript, SQL"
68,Amine Trabelsi,amine.trabelsi@gmail.com,"Java, AWS, TensorFlow, JavaScript, GCP, Azure, Flask, Docker"
69,Walid Bouazizi,walid.bouazizi@gmail.com,"Docker, React, CI/CD, Numpy, Python, Kubernetes"
70,Ines Trabelsi,ines.trabelsi@gmail.com,"Photoshop, TensorFlow, Kubernetes, AWS, Linux, Docker, Azure, Flask, Docker"
71,Karim Ben Ali,karim.ben.ali@gmail.com,"HTML, Linux, React, Photoshop, Docker, JavaScript, Git"
72,Ines Gharbi,ines.gharbi@gmail.com,"Kubernetes, CSS, Pandas, TensorFlow, Python, HTML, NoSQL, Linux, NoSQL"
73,Leila Mansouri,leila.mansouri@gmail.com,"Kubernetes, Numpy, Pandas, Azure, Spring Boot, NoSQL"
74,Ines Zouari,ines.zouari@gmail.com,"Linux, TensorFlow, Flask, React, Kubernetes, Cloud"
75,Nesrine Khemiri,nesrine.khemiri@gmail.com,"NoSQL, JavaScript, TensorFlow, Angular, AWS, HTML, Cloud"
76,Amine Trabelsi,amine.trabelsi@gmail.com,"AWS, GCP, Docker, Kubernetes, Java, Figma, Photoshop, Docker"
77,Walid Mansouri,walid.mansouri@gmail.com,"Flask, AWS, Azure, Figma, Kubernetes, TensorFlow, CI/CD, Pandas, Docker"
78,Sarra Trabelsi,sarra.trabelsi@gmail.com,"NoSQL, Kubernetes, GCP, Spring Boot, SQL, Figma, CSS, Linux"
79,Yassine Ben Ali,yassine.ben.ali@gmail.com,"React, Numpy, CI/CD, GCP, Pandas, HTML, Cloud"
80,Sarra Gharbi,sarra.gharbi@gmail.com,"HTML, CSS, TensorFlow, Figma, Photoshop, Pandas, Kubernetes"
81,Leila Khemiri,leila.khemiri@gmail.com,"Linux, Flask, GCP, NoSQL, Pandas, HTML, Python, Cloud"
82,Amine Bouazizi,amine.bouazizi@gmail.com,"Angular, Figma, CSS, HTML, Linux"
83,Karim Saidi,karim.saidi@gmail.com,"Figma, Angular, HTML, Photoshop, API"
84,Karim Khemiri,karim.khemiri@gmail.com,"AWS, Java, Kubernetes, Azure, JavaScript, Pandas, React, Cloud"
85,Walid Gharbi,walid.gharbi@gmail.com,"Flask, Docker, Pandas, Java, AWS, Git"
86,Ines Khemiri,ines.khemiri@gmail.com,"Azure, Numpy, Python, SQL, JavaScript, Cloud"
87,Yassine Kallel,yassine.kallel@gmail.com,"React, Azure, Spring Boot, Pandas, Figma, Kubernetes, Photoshop, SQL, Cloud"
88,Leila Khemiri,leila.khemiri@gmail.com,"AWS, Python, Docker, Pandas, Agile"
89,Yassine Zouari,yassine.zouari@gmail.com,"Angular, Java, NoSQL, GCP, HTML, AWS, Numpy, React, SQL"
90,Nesrine Ben Ali,nesrine.ben.ali@gmail.com,"Pandas, Angular, Spring Boot, Photoshop, Docker, HTML, SQL, Figma, Linux"
91,Amine Khemiri,amine.khemiri@gmail.com,"Azure, Pandas, Java, CSS, Kubernetes"
92,Yassine Chelly,yassine.chelly@gmail.com,"Photoshop, Docker, Python, SQL, NoSQL, Cloud"
93,Yassine Chelly,yassine.chelly@gmail.com,"TensorFlow, Photoshop, Kubernetes, GCP, Docker, Java, Git"
94,Nesrine Ben Ali,nesrine.ben.ali@gmail.com,"Figma, Linux, Flask, TensorFlow, GCP, Azure, NoSQL"
95,Sarra Saidi,sarra.saidi@gmail.com,"Spring Boot, AWS, Azure, Angular, SQL, Docker, Agile"
96,Amine Bouazizi,amine.bouazizi@gmail.com,"React, Docker, Pandas, Figma, Flask, Numpy, CSS, CI/CD, Cloud"
97,Leila Bouazizi,leila.bouazizi@gmail.com,"Spring Boot, Docker, HTML, Linux, CI/CD, Figma, GCP, Scrum"
98,Yassine Bouazizi,yassine.bouazizi@gmail.com,"Docker, Flask, HTML, Azure, SQL, GCP, CI/CD, Pandas, Git"
99,Karim Zouari,karim.zouari@gmail.com,"Numpy, NoSQL, TensorFlow, Pandas, Flask, CI/CD, Angular, Scrum"
100,Yassine Chelly,yassine.chelly@gmail.com,"Spring Boot, HTML, Docker, NoSQL, CSS, Figma, JavaScript, Java, Git"
1,Karim Kallel,karim.kallel@gmail.com,"TensorFlow, Photoshop, JavaScript, Spring Boot, HTML, Docker, SQL, Agile"
2,Amine Kallel,amine.kallel@gmail.com,"JavaScript, Spring Boot, SQL, Figma, Angular, Azure, React, Linux, SQL"
3,Sarra Ben Ali,sarra.ben.ali@gmail.com,"Linux, CI/CD, Docker, AWS, Figma, Kubernetes"
4,Leila Gharbi,leila.gharbi@gmail.com,"Pandas, AWS, CSS, Angular, Linux, NoSQL"
5,Ameni Zouari,ameni.zouari@gmail.com,"TensorFlow, Docker, NoSQL, HTML, Figma, Python, Angular, Pandas, Git"
6,Nesrine Gharbi,nesrine.gharbi@gmail.com,"AWS, JavaScript, React, Kubernetes, Linux, Git"
7,Leila Kallel,leila.kallel@gmail.com,"Angular, React, Spring Boot, SQL, Photoshop, TensorFlow, HTML, Kubernetes"
8,Ameni Mansouri,ameni.mansouri@gmail.com,"AWS, Numpy, JavaScript, Python, Flask, Linux, API"
9,Ameni Trabelsi,ameni.trabelsi@gmail.com,"Photoshop, Numpy, Flask, CI/CD, Linux"
10,Amine Mansouri,amine.mansouri@gmail.com,"Figma, AWS, Angular, NoSQL, Photoshop, Linux"
11,Mehdi Mansouri,mehdi.mansouri@gmail.com,"Java, Kubernetes, Figma, GCP, Pandas, Photoshop, Linux"
12,Sarra Zouari,sarra.zouari@gmail.com,"Python, JavaScript, NoSQL, Pandas, SQL, Agile"
13,Ines Ben Ali,ines.ben.ali@gmail.com,"Photoshop, Figma, SQL, Kubernetes, React, SQL"
14,Walid Saidi,walid.saidi@gmail.com,"Figma, Linux, GCP, AWS, CI/CD, Numpy, NoSQL, Photoshop, Git"
15,Ines Saidi,ines.saidi@gmail.com,"Pandas, AWS, Docker, HTML, Flask, Scrum"
16,Walid Ben Ali,walid.ben.ali@gmail.com,"AWS, Flask, Photoshop, Linux, Python, Figma, Azure, Java, API"
17,Walid Bouazizi,walid.bouazizi@gmail.com,"Photoshop, GCP, Linux, NoSQL, Git"
18,Mehdi Mansouri,mehdi.mansouri@gmail.com,"Docker, NoSQL, AWS, Photoshop, Linux, SQL"
19,Walid Trabelsi,walid.trabelsi@gmail.com,"TensorFlow, AWS, Flask, CSS, Pandas, Kubernetes, Angular, Kubernetes"
20,Mehdi Chelly,mehdi.chelly@gmail.com,"SQL, Figma, Linux, TensorFlow, Numpy, Kubernetes, Cloud"
21,Sarra Gharbi,sarra.gharbi@gmail.com,"Docker, Linux, Pandas, CSS, Cloud"
22,Walid Kallel,walid.kallel@gmail.com,"TensorFlow, Numpy, Spring Boot, GCP, React, Agile"
23,Walid Chelly,walid.chelly@gmail.com,"Kubernetes, AWS, Spring Boot, Angular, Docker"
24,Leila Saidi,leila.saidi@gmail.com,"Pandas, Figma, JavaScript, TensorFlow, GCP, Python, SQL, Flask, Kubernetes"
25,Walid Gharbi,walid.gharbi@gmail.com,"Linux, Angular, Photoshop, Flask, React, JavaScript, Kubernetes, Scrum"
26,Karim Bouazizi,karim.bouazizi@gmail.com,"NoSQL, Azure, JavaScript, TensorFlow, Docker, React, HTML, NoSQL"
27,Nesrine Ben Ali,nesrine.ben.ali@gmail.com,"Kubernetes, Flask, CSS, GCP, SQL"
28,Mehdi Kallel,mehdi.kallel@gmail.com,"Python, NoSQL, TensorFlow, JavaScript, React, AWS, Linux, Angular, Linux"
29,Walid Chelly,walid.chelly@gmail.com,"Docker, Numpy, Kubernetes, Azure, Pandas, Linux"
30,Leila Trabelsi,leila.trabelsi@gmail.com,"JavaScript, AWS, TensorFlow, GCP, Figma, CI/CD, SQL, Agile"
31,Yassine Kallel,yassine.kallel@gmail.com,"Docker, Photoshop, Numpy, JavaScript, CI/CD, Figma, NoSQL"
32,Mehdi Chelly,mehdi.chelly@gmail.com,"SQL, TensorFlow, Python, NoSQL, HTML, Photoshop, Linux, GCP, API"
33,Nesrine Khemiri,nesrine.khemiri@gmail.com,"SQL, TensorFlow, Azure, Pandas, Python, Flask, GCP, JavaScript, Linux"
34,Yassine Saidi,yassine.saidi@gmail.com,"Azure, JavaScript, Spring Boot, HTML, Agile"
35,Yassine Trabelsi,yassine.trabelsi@gmail.com,"Azure, Docker, SQL, CSS, Java, TensorFlow, Python, JavaScript, API"
36,Walid Saidi,walid.saidi@gmail.com,"SQL, React, JavaScript, Figma, Flask, Azure, TensorFlow, Scrum"
37,Nesrine Gharbi,nesrine.gharbi@gmail.com,"CSS, React, Docker, JavaScript, NoSQL"
38,Walid Trabelsi,walid.trabelsi@gmail.com,"JavaScript, Java, CI/CD, Azure, Figma, Docker"
39,Ines Trabelsi,ines.trabelsi@gmail.com,"CSS, CI/CD, Photoshop, HTML, Figma, Spring Boot, Kubernetes, Flask, NoSQL"
40,Sarra Khemiri,sarra.khemiri@gmail.com,"Java, TensorFlow, React, NoSQL, Docker, HTML, Linux"
41,Walid Saidi,walid.saidi@gmail.com,"Photoshop, TensorFlow, Kubernetes, Flask, HTML, SQL, NoSQL"
42,Yassine Trabelsi,yassine.trabelsi@gmail.com,"Angular, Azure, TensorFlow, AWS, Linux, HTML, NoSQL, Numpy, Kubernetes"
43,Ines Saidi,ines.saidi@gmail.com,"HTML, Angular, JavaScript, NoSQL, Azure, React, TensorFlow, Docker, Linux"
44,Nesrine Kallel,nesrine.kallel@gmail.com,"GCP, CSS, JavaScript, Python, Docker, TensorFlow, Pandas, Spring Boot, API"
45,Nesrine Saidi,nesrine.saidi@gmail.com,"Linux, AWS, Flask, Python, Docker, Java, Linux"
46,Karim Khemiri,karim.khemiri@gmail.com,"Java, Azure, JavaScript, CI/CD, TensorFlow, React, Kubernetes, Cloud"
47,Leila Khemiri,leila.khemiri@gmail.com,"AWS, Linux, Java, Photoshop, Flask, Linux"
48,Yassine Kallel,yassine.kallel@gmail.com,"GCP, CI/CD, SQL, Pandas, Linux, Scrum"
49,Ameni Bouazizi,ameni.bouazizi@gmail.com,"Python, Spring Boot, TensorFlow, SQL, Azure, Git"
50,Leila Kallel,leila.kallel@gmail.com,"CI/CD, Pandas, GCP, Docker, Python, Java, SQL, Kubernetes, Kubernetes"
51,Yassine Bouazizi,yassine.bouazizi@gmail.com,"Pandas, CI/CD, Figma, GCP, Docker"
52,Sarra Gharbi,sarra.gharbi@gmail.com,"Numpy, Java, Docker, CSS, SQL, TensorFlow, CI/CD, NoSQL"
53,Nesrine Khemiri,nesrine.khemiri@gmail.com,"GCP, CI/CD, CSS, Photoshop, Azure, API"
54,Amine Khemiri,amine.khemiri@gmail.com,"Python, HTML, Flask, React, SQL, Angular, Kubernetes"
55,Amine Gharbi,amine.gharbi@gmail.com,"Figma, HTML, AWS, Azure, Linux"
56,Yassine Mansouri,yassine.mansouri@gmail.com,"Kubernetes, Java, JavaScript, NoSQL, Pandas, Photoshop, Scrum"
57,Ines Zouari,ines.zouari@gmail.com,"Numpy, SQL, GCP, React, JavaScript, Kubernetes, Python, CI/CD, API"
58,Amine Saidi,amine.saidi@gmail.com,"Docker, React, SQL, Spring Boot, Figma, Scrum"
59,Amine Zouari,amine.zouari@gmail.com,"HTML, AWS, Kubernetes, Spring Boot, CI/CD, SQL, GCP, Cloud"
60,Mehdi Gharbi,mehdi.gharbi@gmail.com,"Spring Boot, Photoshop, NoSQL, AWS, Java, Angular, React, SQL"
61,Mehdi Saidi,mehdi.saidi@gmail.com,"TensorFlow, Python, Azure, React, GCP, API"
62,Nesrine Ben Ali,nesrine.ben.ali@gmail.com,"Numpy, Azure, CSS, AWS, Agile"
63,Leila Bouazizi,leila.bouazizi@gmail.com,"CSS, NoSQL, CI/CD, Flask, Spring Boot, React, Docker, JavaScript, API"
64,Sarra Ben Ali,sarra.ben.ali@gmail.com,"SQL, Numpy, Pandas, Flask, CI/CD, Angular, Agile"
65,Ameni Mansouri,ameni.mansouri@gmail.com,"HTML, Photoshop, Docker, Pandas, Spring Boot, CI/CD, Angular, SQL"
66,Yassine Mansouri,yassine.mansouri@gmail.com,"Angular, Figma, Photoshop, GCP, API"
67,Karim Ben Ali,karim.ben.ali@gmail.com,"Flask, AWS, NoSQL, Figma, Azure, Linux, JavaScript, Git"
68,Amine Trabelsi,amine.trabelsi@gmail.com,"Java, AWS, TensorFlow, JavaScript, GCP, Azure, Flask, NoSQL"
69,Walid Bouazizi,walid.bouazizi@gmail.com,"Docker, React, CI/CD, Numpy, Python, Cloud"
70,Ines Trabelsi,ines.trabelsi@gmail.com,"Photoshop, TensorFlow, Kubernetes, AWS, Linux, Docker, Azure, Flask, NoSQL"
71,Karim Ben Ali,karim.ben.ali@gmail.com,"HTML, Linux, React, Photoshop, Docker, JavaScript, Linux"
72,Ines Gharbi,ines.gharbi@gmail.com,"Kubernetes, CSS, Pandas, TensorFlow, Python, HTML, NoSQL, Linux, Scrum"
73,Leila Mansouri,leila.mansouri@gmail.com,"Kubernetes, Numpy, Pandas, Azure, Spring Boot, Git"
74,Ines Zouari,ines.zouari@gmail.com,"Linux, TensorFlow, Flask, React, Kubernetes, Cloud"
75,Nesrine Khemiri,nesrine.khemiri@gmail.com,"NoSQL, JavaScript, TensorFlow, Angular, AWS, HTML, Docker"
76,Amine Trabelsi,amine.trabelsi@gmail.com,"AWS, GCP, Docker, Kubernetes, Java, Figma, Photoshop, NoSQL"
77,Walid Mansouri,walid.mansouri@gmail.com,"Flask, AWS, Azure, Figma, Kubernetes, TensorFlow, CI/CD, Pandas, API"
78,Sarra Trabelsi,sarra.trabelsi@gmail.com,"NoSQL, Kubernetes, GCP, Spring Boot, SQL, Figma, CSS, Scrum"
79,Yassine Ben Ali,yassine.ben.ali@gmail.com,"React, Numpy, CI/CD, GCP, Pandas, HTML, Git"
80,Sarra Gharbi,sarra.gharbi@gmail.com,"HTML, CSS, TensorFlow, Figma, Photoshop, Pandas, Git"
81,Leila Khemiri,leila.khemiri@gmail.com,"Linux, Flask, GCP, NoSQL, Pandas, HTML, Python, NoSQL"
82,Amine Bouazizi,amine.bouazizi@gmail.com,"Angular, Figma, CSS, HTML, Cloud"
83,Karim Saidi,karim.saidi@gmail.com,"Figma, Angular, HTML, Photoshop, Scrum"
84,Karim Khemiri,karim.khemiri@gmail.com,"AWS, Java, Kubernetes, Azure, JavaScript, Pandas, React, API"
85,Walid Gharbi,walid.gharbi@gmail.com,"Flask, Docker, Pandas, Java, AWS, NoSQL"
86,Ines Khemiri,ines.khemiri@gmail.com,"Azure, Numpy, Python, SQL, JavaScript, API"
87,Yassine Kallel,yassine.kallel@gmail.com,"React, Azure, Spring Boot, Pandas, Figma, Kubernetes, Photoshop, SQL, Cloud"
88,Leila Khemiri,leila.khemiri@gmail.com,"AWS, Python, Docker, Pandas, Cloud"
89,Yassine Zouari,yassine.zouari@gmail.com,"Angular, Java, NoSQL, GCP, HTML, AWS, Numpy, React, Cloud"
90,Nesrine Ben Ali,nesrine.ben.ali@gmail.com,"Pandas, Angular, Spring Boot, Photoshop, Docker, HTML, SQL, Figma, Agile"
91,Amine Khemiri,amine.khemiri@gmail.com,"Azure, Pandas, Java, CSS, NoSQL"
92,Yassine Chelly,yassine.chelly@gmail.com,"Photoshop, Docker, Python, SQL, NoSQL, Scrum"
93,Yassine Chelly,yassine.chelly@gmail.com,"TensorFlow, Photoshop, Kubernetes, GCP, Docker, Java, Agile"
94,Nesrine Ben Ali,nesrine.ben.ali@gmail.com,"Figma, Linux, Flask, TensorFlow, GCP, Azure, Agile"
95,Sarra Saidi,sarra.saidi@gmail.com,"Spring Boot, AWS, Azure, Angular, SQL, Docker, Docker"
96,Amine Bouazizi,amine.bouazizi@gmail.com,"React, Docker, Pandas, Figma, Flask, Numpy, CSS, CI/CD, Docker"
97,Leila Bouazizi,leila.bouazizi@gmail.com,"Spring Boot, Docker, HTML, Linux, CI/CD, Figma, GCP, Agile"
98,Yassine Bouazizi,yassine.bouazizi@gmail.com,"Docker, Flask, HTML, Azure, SQL, GCP, CI/CD, Pandas, Cloud"
99,Karim Zouari,karim.zouari@gmail.com,"Numpy, NoSQL, TensorFlow, Pandas, Flask, CI/CD, Angular, Scrum"
100,Yassine Chelly,yassine.chelly@gmail.com,"Spring Boot, HTML, Docker, NoSQL, CSS, Figma, JavaScript, Java, Cloud"
1,Karim Kallel,karim.kallel@gmail.com,"TensorFlow, Photoshop, JavaScript, Spring Boot, HTML, Docker, SQL, Docker"
2,Amine Kallel,amine.kallel@gmail.com,"JavaScript, Spring Boot, SQL, Figma, Angular, Azure, React, Linux, Cloud"
3,Sarra Ben Ali,sarra.ben.ali@gmail.com,"Linux, CI/CD, Docker, AWS, Figma, Git"
4,Leila Gharbi,leila.gharbi@gmail.com,"Pandas, AWS, CSS, Angular, Linux, NoSQL"
5,Ameni Zouari,ameni.zouari@gmail.com,"TensorFlow, Docker, NoSQL, HTML, Figma, Python, Angular, Pandas, Git"
6,Nesrine Gharbi,nesrine.gharbi@gmail.com,"AWS, JavaScript, React, Kubernetes, Linux, Cloud"
7,Leila Kallel,leila.kallel@gmail.com,"Angular, React, Spring Boot, SQL, Photoshop, TensorFlow, HTML, NoSQL"
8,Ameni Mansouri,ameni.mansouri@gmail.com,"AWS, Numpy, JavaScript, Python, Flask, Linux, API"
9,Ameni Trabelsi,ameni.trabelsi@gmail.com,"Photoshop, Numpy, Flask, CI/CD, API"
10,Amine Mansouri,amine.mansouri@gmail.com,"Figma, AWS, Angular, NoSQL, Photoshop, Linux"
11,Mehdi Mansouri,mehdi.mansouri@gmail.com,"Java, Kubernetes, Figma, GCP, Pandas, Photoshop, Agile"
12,Sarra Zouari,sarra.zouari@gmail.com,"Python, JavaScript, NoSQL, Pandas, SQL, NoSQL"
13,Ines Ben Ali,ines.ben.ali@gmail.com,"Photoshop, Figma, SQL, Kubernetes, React, API"
14,Walid Saidi,walid.saidi@gmail.com,"Figma, Linux, GCP, AWS, CI/CD, Numpy, NoSQL, Photoshop, NoSQL"
15,Ines Saidi,ines.saidi@gmail.com,"Pandas, AWS, Docker, HTML, Flask, Scrum"
16,Walid Ben Ali,walid.ben.ali@gmail.com,"AWS, Flask, Photoshop, Linux, Python, Figma, Azure, Java, SQL"
17,Walid Bouazizi,walid.bouazizi@gmail.com,"Photoshop, GCP, Linux, NoSQL, Docker"
18,Mehdi Mansouri,mehdi.mansouri@gmail.com,"Docker, NoSQL, AWS, Photoshop, Linux, Git"
19,Walid Trabelsi,walid.trabelsi@gmail.com,"TensorFlow, AWS, Flask, CSS, Pandas, Kubernetes, Angular, Cloud"
20,Mehdi Chelly,mehdi.chelly@gmail.com,"SQL, Figma, Linux, TensorFlow, Numpy, Kubernetes, NoSQL"
21,Sarra Gharbi,sarra.gharbi@gmail.com,"Docker, Linux, Pandas, CSS, API"
22,Walid Kallel,walid.kallel@gmail.com,"TensorFlow, Numpy, Spring Boot, GCP, React, Docker"
23,Walid Chelly,walid.chelly@gmail.com,"Kubernetes, AWS, Spring Boot, Angular, Linux"
24,Leila Saidi,leila.saidi@gmail.com,"Pandas, Figma, JavaScript, TensorFlow, GCP, Python, SQL, Flask, NoSQL"
25,Walid Gharbi,walid.gharbi@gmail.com,"Linux, Angular, Photoshop, Flask, React, JavaScript, Kubernetes, Docker"
26,Karim Bouazizi,karim.bouazizi@gmail.com,"NoSQL, Azure, JavaScript, TensorFlow, Docker, React, HTML, Kubernetes"
27,Nesrine Ben Ali,nesrine.ben.ali@gmail.com,"Kubernetes, Flask, CSS, GCP, Git"
28,Mehdi Kallel,mehdi.kallel@gmail.com,"Python, NoSQL, TensorFlow, JavaScript, React, AWS, Linux, Angular, SQL"
29,Walid Chelly,walid.chelly@gmail.com,"Docker, Numpy, Kubernetes, Azure, Pandas, Git"
30,Leila Trabelsi,leila.trabelsi@gmail.com,"JavaScript, AWS, TensorFlow, GCP, Figma, CI/CD, SQL, API"
31,Yassine Kallel,yassine.kallel@gmail.com,"Docker, Photoshop, Numpy, JavaScript, CI/CD, Figma, Kubernetes"
32,Mehdi Chelly,mehdi.chelly@gmail.com,"SQL, TensorFlow, Python, NoSQL, HTML, Photoshop, Linux, GCP, Linux"
33,Nesrine Khemiri,nesrine.khemiri@gmail.com,"SQL, TensorFlow, Azure, Pandas, Python, Flask, GCP, JavaScript, Scrum"
34,Yassine Saidi,yassine.saidi@gmail.com,"Azure, JavaScript, Spring Boot, HTML, NoSQL"
35,Yassine Trabelsi,yassine.trabelsi@gmail.com,"Azure, Docker, SQL, CSS, Java, TensorFlow, Python, JavaScript, Scrum"
36,Walid Saidi,walid.saidi@gmail.com,"SQL, React, JavaScript, Figma, Flask, Azure, TensorFlow, Cloud"
37,Nesrine Gharbi,nesrine.gharbi@gmail.com,"CSS, React, Docker, JavaScript, NoSQL"
38,Walid Trabelsi,walid.trabelsi@gmail.com,"JavaScript, Java, CI/CD, Azure, Figma, API"
39,Ines Trabelsi,ines.trabelsi@gmail.com,"CSS, CI/CD, Photoshop, HTML, Figma, Spring Boot, Kubernetes, Flask, Git"
40,Sarra Khemiri,sarra.khemiri@gmail.com,"Java, TensorFlow, React, NoSQL, Docker, HTML, Git"
41,Walid Saidi,walid.saidi@gmail.com,"Photoshop, TensorFlow, Kubernetes, Flask, HTML, SQL, API"
42,Yassine Trabelsi,yassine.trabelsi@gmail.com,"Angular, Azure, TensorFlow, AWS, Linux, HTML, NoSQL, Numpy, Linux"
43,Ines Saidi,ines.saidi@gmail.com,"HTML, Angular, JavaScript, NoSQL, Azure, React, TensorFlow, Docker, API"
44,Nesrine Kallel,nesrine.kallel@gmail.com,"GCP, CSS, JavaScript, Python, Docker, TensorFlow, Pandas, Spring Boot, Linux"
45,Nesrine Saidi,nesrine.saidi@gmail.com,"Linux, AWS, Flask, Python, Docker, Java, Agile"
46,Karim Khemiri,karim.khemiri@gmail.com,"Java, Azure, JavaScript, CI/CD, TensorFlow, React, Kubernetes, Git"
47,Leila Khemiri,leila.khemiri@gmail.com,"AWS, Linux, Java, Photoshop, Flask, Docker"
48,Yassine Kallel,yassine.kallel@gmail.com,"GCP, CI/CD, SQL, Pandas, Linux, Cloud"
49,Ameni Bouazizi,ameni.bouazizi@gmail.com,"Python, Spring Boot, TensorFlow, SQL, Azure, NoSQL"
50,Leila Kallel,leila.kallel@gmail.com,"CI/CD, Pandas, GCP, Docker, Python, Java, SQL, Kubernetes, Linux"
51,Yassine Bouazizi,yassine.bouazizi@gmail.com,"Pandas, CI/CD, Figma, GCP, API"
52,Sarra Gharbi,sarra.gharbi@gmail.com,"Numpy, Java, Docker, CSS, SQL, TensorFlow, CI/CD, Scrum"
53,Nesrine Khemiri,nesrine.khemiri@gmail.com,"GCP, CI/CD, CSS, Photoshop, Azure, API"
54,Amine Khemiri,amine.khemiri@gmail.com,"Python, HTML, Flask, React, SQL, Angular, NoSQL"
55,Amine Gharbi,amine.gharbi@gmail.com,"Figma, HTML, AWS, Azure, SQL"
56,Yassine Mansouri,yassine.mansouri@gmail.com,"Kubernetes, Java, JavaScript, NoSQL, Pandas, Photoshop, Scrum"
57,Ines Zouari,ines.zouari@gmail.com,"Numpy, SQL, GCP, React, JavaScript, Kubernetes, Python, CI/CD, Linux"
58,Amine Saidi,amine.saidi@gmail.com,"Docker, React, SQL, Spring Boot, Figma, Cloud"
59,Amine Zouari,amine.zouari@gmail.com,"HTML, AWS, Kubernetes, Spring Boot, CI/CD, SQL, GCP, Linux"
60,Mehdi Gharbi,mehdi.gharbi@gmail.com,"Spring Boot, Photoshop, NoSQL, AWS, Java, Angular, React, Git"
61,Mehdi Saidi,mehdi.saidi@gmail.com,"TensorFlow, Python, Azure, React, GCP, Cloud"
62,Nesrine Ben Ali,nesrine.ben.ali@gmail.com,"Numpy, Azure, CSS, AWS, SQL"
63,Leila Bouazizi,leila.bouazizi@gmail.com,"CSS, NoSQL, CI/CD, Flask, Spring Boot, React, Docker, JavaScript, NoSQL"
64,Sarra Ben Ali,sarra.ben.ali@gmail.com,"SQL, Numpy, Pandas, Flask, CI/CD, Angular, Agile"
65,Ameni Mansouri,ameni.mansouri@gmail.com,"HTML, Photoshop, Docker, Pandas, Spring Boot, CI/CD, Angular, SQL"
66,Yassine Mansouri,yassine.mansouri@gmail.com,"Angular, Figma, Photoshop, GCP, NoSQL"
67,Karim Ben Ali,karim.ben.ali@gmail.com,"Flask, AWS, NoSQL, Figma, Azure, Linux, JavaScript, NoSQL"
68,Amine Trabelsi,amine.trabelsi@gmail.com,"Java, AWS, TensorFlow, JavaScript, GCP, Azure, Flask, SQL"
69,Walid Bouazizi,walid.bouazizi@gmail.com,"Docker, React, CI/CD, Numpy, Python, Docker"
70,Ines Trabelsi,ines.trabelsi@gmail.com,"Photoshop, TensorFlow, Kubernetes, AWS, Linux, Docker, Azure, Flask, Linux"
71,Karim Ben Ali,karim.ben.ali@gmail.com,"HTML, Linux, React, Photoshop, Docker, JavaScript, Agile"
72,Ines Gharbi,ines.gharbi@gmail.com,"Kubernetes, CSS, Pandas, TensorFlow, Python, HTML, NoSQL, Linux, Linux"
73,Leila Mansouri,leila.mansouri@gmail.com,"Kubernetes, Numpy, Pandas, Azure, Spring Boot, Docker"
74,Ines Zouari,ines.zouari@gmail.com,"Linux, TensorFlow, Flask, React, Kubernetes, SQL"
75,Nesrine Khemiri,nesrine.khemiri@gmail.com,"NoSQL, JavaScript, TensorFlow, Angular, AWS, HTML, API"
76,Amine Trabelsi,amine.trabelsi@gmail.com,"AWS, GCP, Docker, Kubernetes, Java, Figma, Photoshop, Linux"
77,Walid Mansouri,walid.mansouri@gmail.com,"Flask, AWS, Azure, Figma, Kubernetes, TensorFlow, CI/CD, Pandas, Agile"
78,Sarra Trabelsi,sarra.trabelsi@gmail.com,"NoSQL, Kubernetes, GCP, Spring Boot, SQL, Figma, CSS, Git"
79,Yassine Ben Ali,yassine.ben.ali@gmail.com,"React, Numpy, CI/CD, GCP, Pandas, HTML, Git"
80,Sarra Gharbi,sarra.gharbi@gmail.com,"HTML, CSS, TensorFlow, Figma, Photoshop, Pandas, Git"
81,Leila Khemiri,leila.khemiri@gmail.com,"Linux, Flask, GCP, NoSQL, Pandas, HTML, Python, SQL"
82,Amine Bouazizi,amine.bouazizi@gmail.com,"Angular, Figma, CSS, HTML, Kubernetes"
83,Karim Saidi,karim.saidi@gmail.com,"Figma, Angular, HTML, Photoshop, SQL"
84,Karim Khemiri,karim.khemiri@gmail.com,"AWS, Java, Kubernetes, Azure, JavaScript, Pandas, React, Scrum"
85,Walid Gharbi,walid.gharbi@gmail.com,"Flask, Docker, Pandas, Java, AWS, Linux"
86,Ines Khemiri,ines.khemiri@gmail.com,"Azure, Numpy, Python, SQL, JavaScript, Agile"
87,Yassine Kallel,yassine.kallel@gmail.com,"React, Azure, Spring Boot, Pandas, Figma, Kubernetes, Photoshop, SQL, Cloud"
88,Leila Khemiri,leila.khemiri@gmail.com,"AWS, Python, Docker, Pandas, Kubernetes"
89,Yassine Zouari,yassine.zouari@gmail.com,"Angular, Java, NoSQL, GCP, HTML, AWS, Numpy, React, SQL"
90,Nesrine Ben Ali,nesrine.ben.ali@gmail.com,"Pandas, Angular, Spring Boot, Photoshop, Docker, HTML, SQL, Figma, API"
91,Amine Khemiri,amine.khemiri@gmail.com,"Azure, Pandas, Java, CSS, NoSQL"
92,Yassine Chelly,yassine.chelly@gmail.com,"Photoshop, Docker, Python, SQL, NoSQL, Docker"
93,Yassine Chelly,yassine.chelly@gmail.com,"TensorFlow, Photoshop, Kubernetes, GCP, Docker, Java, Git"
94,Nesrine Ben Ali,nesrine.ben.ali@gmail.com,"Figma, Linux, Flask, TensorFlow, GCP, Azure, Agile"
95,Sarra Saidi,sarra.saidi@gmail.com,"Spring Boot, AWS, Azure, Angular, SQL, Docker, Docker"
96,Amine Bouazizi,amine.bouazizi@gmail.com,"React, Docker, Pandas, Figma, Flask, Numpy, CSS, CI/CD, Agile"
97,Leila Bouazizi,leila.bouazizi@gmail.com,"Spring Boot, Docker, HTML, Linux, CI/CD, Figma, GCP, Agile"
98,Yassine Bouazizi,yassine.bouazizi@gmail.com,"Docker, Flask, HTML, Azure, SQL, GCP, CI/CD, Pandas, API"
99,Karim Zouari,karim.zouari@gmail.com,"Numpy, NoSQL, TensorFlow, Pandas, Flask, CI/CD, Angular, Kubernetes"
100,Yassine Chelly,yassine.chelly@gmail.com,"Spring Boot, HTML, Docker, NoSQL, CSS, Figma, JavaScript, Java, Scrum"
1,Karim Kallel,karim.kallel@gmail.com,"TensorFlow, Photoshop, JavaScript, Spring Boot, HTML, Docker, SQL, API"
2,Amine Kallel,amine.kallel@gmail.com,"JavaScript, Spring Boot, SQL, Figma, Angular, Azure, React, Linux, API"
3,Sarra Ben Ali,sarra.ben.ali@gmail.com,"Linux, CI/CD, Docker, AWS, Figma, Linux"
4,Leila Gharbi,leila.gharbi@gmail.com,"Pandas, AWS, CSS, Angular, Linux, Cloud"
5,Ameni Zouari,ameni.zouari@gmail.com,"TensorFlow, Docker, NoSQL, HTML, Figma, Python, Angular, Pandas, Agile"
6,Nesrine Gharbi,nesrine.gharbi@gmail.com,"AWS, JavaScript, React, Kubernetes, Linux, Kubernetes"
7,Leila Kallel,leila.kallel@gmail.com,"Angular, React, Spring Boot, SQL, Photoshop, TensorFlow, HTML, Docker"
8,Ameni Mansouri,ameni.mansouri@gmail.com,"AWS, Numpy, JavaScript, Python, Flask, Linux, Git"
9,Ameni Trabelsi,ameni.trabelsi@gmail.com,"Photoshop, Numpy, Flask, CI/CD, Scrum"
10,Amine Mansouri,amine.mansouri@gmail.com,"Figma, AWS, Angular, NoSQL, Photoshop, SQL"
11,Mehdi Mansouri,mehdi.mansouri@gmail.com,"Java, Kubernetes, Figma, GCP, Pandas, Photoshop, NoSQL"
12,Sarra Zouari,sarra.zouari@gmail.com,"Python, JavaScript, NoSQL, Pandas, SQL, NoSQL"
13,Ines Ben Ali,ines.ben.ali@gmail.com,"Photoshop, Figma, SQL, Kubernetes, React, Cloud"
14,Walid Saidi,walid.saidi@gmail.com,"Figma, Linux, GCP, AWS, CI/CD, Numpy, NoSQL, Photoshop, Cloud"
15,Ines Saidi,ines.saidi@gmail.com,"Pandas, AWS, Docker, HTML, Flask, Agile"
16,Walid Ben Ali,walid.ben.ali@gmail.com,"AWS, Flask, Photoshop, Linux, Python, Figma, Azure, Java, SQL"
17,Walid Bouazizi,walid.bouazizi@gmail.com,"Photoshop, GCP, Linux, NoSQL, SQL"
18,Mehdi Mansouri,mehdi.mansouri@gmail.com,"Docker, NoSQL, AWS, Photoshop, Linux, Git"
19,Walid Trabelsi,walid.trabelsi@gmail.com,"TensorFlow, AWS, Flask, CSS, Pandas, Kubernetes, Angular, API"
20,Mehdi Chelly,mehdi.chelly@gmail.com,"SQL, Figma, Linux, TensorFlow, Numpy, Kubernetes, Agile"
21,Sarra Gharbi,sarra.gharbi@gmail.com,"Docker, Linux, Pandas, CSS, Docker"
22,Walid Kallel,walid.kallel@gmail.com,"TensorFlow, Numpy, Spring Boot, GCP, React, SQL"
23,Walid Chelly,walid.chelly@gmail.com,"Kubernetes, AWS, Spring Boot, Angular, Git"
24,Leila Saidi,leila.saidi@gmail.com,"Pandas, Figma, JavaScript, TensorFlow, GCP, Python, SQL, Flask, NoSQL"
25,Walid Gharbi,walid.gharbi@gmail.com,"Linux, Angular, Photoshop, Flask, React, JavaScript, Kubernetes, Kubernetes"
26,Karim Bouazizi,karim.bouazizi@gmail.com,"NoSQL, Azure, JavaScript, TensorFlow, Docker, React, HTML, Scrum"
27,Nesrine Ben Ali,nesrine.ben.ali@gmail.com,"Kubernetes, Flask, CSS, GCP, SQL"
28,Mehdi Kallel,mehdi.kallel@gmail.com,"Python, NoSQL, TensorFlow, JavaScript, React, AWS, Linux, Angular, Docker"
29,Walid Chelly,walid.chelly@gmail.com,"Docker, Numpy, Kubernetes, Azure, Pandas, Linux"
30,Leila Trabelsi,leila.trabelsi@gmail.com,"JavaScript, AWS, TensorFlow, GCP, Figma, CI/CD, SQL, SQL"
31,Yassine Kallel,yassine.kallel@gmail.com,"Docker, Photoshop, Numpy, JavaScript, CI/CD, Figma, Linux"
32,Mehdi Chelly,mehdi.chelly@gmail.com,"SQL, TensorFlow, Python, NoSQL, HTML, Photoshop, Linux, GCP, SQL"
33,Nesrine Khemiri,nesrine.khemiri@gmail.com,"SQL, TensorFlow, Azure, Pandas, Python, Flask, GCP, JavaScript, Cloud"
34,Yassine Saidi,yassine.saidi@gmail.com,"Azure, JavaScript, Spring Boot, HTML, Cloud"
35,Yassine Trabelsi,yassine.trabelsi@gmail.com,"Azure, Docker, SQL, CSS, Java, TensorFlow, Python, JavaScript, Git"
36,Walid Saidi,walid.saidi@gmail.com,"SQL, React, JavaScript, Figma, Flask, Azure, TensorFlow, Kubernetes"
37,Nesrine Gharbi,nesrine.gharbi@gmail.com,"CSS, React, Docker, JavaScript, Git"
38,Walid Trabelsi,walid.trabelsi@gmail.com,"JavaScript, Java, CI/CD, Azure, Figma, Kubernetes"
39,Ines Trabelsi,ines.trabelsi@gmail.com,"CSS, CI/CD, Photoshop, HTML, Figma, Spring Boot, Kubernetes, Flask, SQL"
40,Sarra Khemiri,sarra.khemiri@gmail.com,"Java, TensorFlow, React, NoSQL, Docker, HTML, Linux"
41,Walid Saidi,walid.saidi@gmail.com,"Photoshop, TensorFlow, Kubernetes, Flask, HTML, SQL, Scrum"
42,Yassine Trabelsi,yassine.trabelsi@gmail.com,"Angular, Azure, TensorFlow, AWS, Linux, HTML, NoSQL, Numpy, Docker"
43,Ines Saidi,ines.saidi@gmail.com,"HTML, Angular, JavaScript, NoSQL, Azure, React, TensorFlow, Docker, Linux"
44,Nesrine Kallel,nesrine.kallel@gmail.com,"GCP, CSS, JavaScript, Python, Docker, TensorFlow, Pandas, Spring Boot, Agile"
45,Nesrine Saidi,nesrine.saidi@gmail.com,"Linux, AWS, Flask, Python, Docker, Java, Git"
46,Karim Khemiri,karim.khemiri@gmail.com,"Java, Azure, JavaScript, CI/CD, TensorFlow, React, Kubernetes, Scrum"
47,Leila Khemiri,leila.khemiri@gmail.com,"AWS, Linux, Java, Photoshop, Flask, SQL"
48,Yassine Kallel,yassine.kallel@gmail.com,"GCP, CI/CD, SQL, Pandas, Linux, Kubernetes"
49,Ameni Bouazizi,ameni.bouazizi@gmail.com,"Python, Spring Boot, TensorFlow, SQL, Azure, Cloud"
50,Leila Kallel,leila.kallel@gmail.com,"CI/CD, Pandas, GCP, Docker, Python, Java, SQL, Kubernetes, Agile"
51,Yassine Bouazizi,yassine.bouazizi@gmail.com,"Pandas, CI/CD, Figma, GCP, NoSQL"
52,Sarra Gharbi,sarra.gharbi@gmail.com,"Numpy, Java, Docker, CSS, SQL, TensorFlow, CI/CD, Agile"
53,Nesrine Khemiri,nesrine.khemiri@gmail.com,"GCP, CI/CD, CSS, Photoshop, Azure, Scrum"
54,Amine Khemiri,amine.khemiri@gmail.com,"Python, HTML, Flask, React, SQL, Angular, Git"
55,Amine Gharbi,amine.gharbi@gmail.com,"Figma, HTML, AWS, Azure, Git"
56,Yassine Mansouri,yassine.mansouri@gmail.com,"Kubernetes, Java, JavaScript, NoSQL, Pandas, Photoshop, NoSQL"
57,Ines Zouari,ines.zouari@gmail.com,"Numpy, SQL, GCP, React, JavaScript, Kubernetes, Python, CI/CD, API"
58,Amine Saidi,amine.saidi@gmail.com,"Docker, React, SQL, Spring Boot, Figma, Scrum"
59,Amine Zouari,amine.zouari@gmail.com,"HTML, AWS, Kubernetes, Spring Boot, CI/CD, SQL, GCP, SQL"
60,Mehdi Gharbi,mehdi.gharbi@gmail.com,"Spring Boot, Photoshop, NoSQL, AWS, Java, Angular, React, API"
61,Mehdi Saidi,mehdi.saidi@gmail.com,"TensorFlow, Python, Azure, React, GCP, Cloud"
62,Nesrine Ben Ali,nesrine.ben.ali@gmail.com,"Numpy, Azure, CSS, AWS, API"
63,Leila Bouazizi,leila.bouazizi@gmail.com,"CSS, NoSQL, CI/CD, Flask, Spring Boot, React, Docker, JavaScript, Scrum"
64,Sarra Ben Ali,sarra.ben.ali@gmail.com,"SQL, Numpy, Pandas, Flask, CI/CD, Angular, Kubernetes"
65,Ameni Mansouri,ameni.mansouri@gmail.com,"HTML, Photoshop, Docker, Pandas, Spring Boot, CI/CD, Angular, Agile"
66,Yassine Mansouri,yassine.mansouri@gmail.com,"Angular, Figma, Photoshop, GCP, Docker"
67,Karim Ben Ali,karim.ben.ali@gmail.com,"Flask, AWS, NoSQL, Figma, Azure, Linux, JavaScript, SQL"
68,Amine Trabelsi,amine.trabelsi@gmail.com,"Java, AWS, TensorFlow, JavaScript, GCP, Azure, Flask, Agile"
69,Walid Bouazizi,walid.bouazizi@gmail.com,"Docker, React, CI/CD, Numpy, Python, SQL"
70,Ines Trabelsi,ines.trabelsi@gmail.com,"Photoshop, TensorFlow, Kubernetes, AWS, Linux, Docker, Azure, Flask, Kubernetes"
71,Karim Ben Ali,karim.ben.ali@gmail.com,"HTML, Linux, React, Photoshop, Docker, JavaScript, Cloud"
72,Ines Gharbi,ines.gharbi@gmail.com,"Kubernetes, CSS, Pandas, TensorFlow, Python, HTML, NoSQL, Linux, Kubernetes"
73,Leila Mansouri,leila.mansouri@gmail.com,"Kubernetes, Numpy, Pandas, Azure, Spring Boot, Agile"
74,Ines Zouari,ines.zouari@gmail.com,"Linux, TensorFlow, Flask, React, Kubernetes, Linux"
75,Nesrine Khemiri,nesrine.khemiri@gmail.com,"NoSQL, JavaScript, TensorFlow, Angular, AWS, HTML, SQL"
76,Amine Trabelsi,amine.trabelsi@gmail.com,"AWS, GCP, Docker, Kubernetes, Java, Figma, Photoshop, Git"
77,Walid Mansouri,walid.mansouri@gmail.com,"Flask, AWS, Azure, Figma, Kubernetes, TensorFlow, CI/CD, Pandas, NoSQL"
78,Sarra Trabelsi,sarra.trabelsi@gmail.com,"NoSQL, Kubernetes, GCP, Spring Boot, SQL, Figma, CSS, Docker"
79,Yassine Ben Ali,yassine.ben.ali@gmail.com,"React, Numpy, CI/CD, GCP, Pandas, HTML, Linux"
80,Sarra Gharbi,sarra.gharbi@gmail.com,"HTML, CSS, TensorFlow, Figma, Photoshop, Pandas, Kubernetes"
81,Leila Khemiri,leila.khemiri@gmail.com,"Linux, Flask, GCP, NoSQL, Pandas, HTML, Python, SQL"
82,Amine Bouazizi,amine.bouazizi@gmail.com,"Angular, Figma, CSS, HTML, API"
83,Karim Saidi,karim.saidi@gmail.com,"Figma, Angular, HTML, Photoshop, NoSQL"
84,Karim Khemiri,karim.khemiri@gmail.com,"AWS, Java, Kubernetes, Azure, JavaScript, Pandas, React, Cloud"
85,Walid Gharbi,walid.gharbi@gmail.com,"Flask, Docker, Pandas, Java, AWS, Docker"
86,Ines Khemiri,ines.khemiri@gmail.com,"Azure, Numpy, Python, SQL, JavaScript, NoSQL"
87,Yassine Kallel,yassine.kallel@gmail.com,"React, Azure, Spring Boot, Pandas, Figma, Kubernetes, Photoshop, SQL, Linux"
88,Leila Khemiri,leila.khemiri@gmail.com,"AWS, Python, Docker, Pandas, Docker"
89,Yassine Zouari,yassine.zouari@gmail.com,"Angular, Java, NoSQL, GCP, HTML, AWS, Numpy, React, SQL"
90,Nesrine Ben Ali,nesrine.ben.ali@gmail.com,"Pandas, Angular, Spring Boot, Photoshop, Docker, HTML, SQL, Figma, SQL"
91,Amine Khemiri,amine.khemiri@gmail.com,"Azure, Pandas, Java, CSS, API"
92,Yassine Chelly,yassine.chelly@gmail.com,"Photoshop, Docker, Python, SQL, NoSQL, Kubernetes"
93,Yassine Chelly,yassine.chelly@gmail.com,"TensorFlow, Photoshop, Kubernetes, GCP, Docker, Java, NoSQL"
94,Nesrine Ben Ali,nesrine.ben.ali@gmail.com,"Figma, Linux, Flask, TensorFlow, GCP, Azure, Docker"
95,Sarra Saidi,sarra.saidi@gmail.com,"Spring Boot, AWS, Azure, Angular, SQL, Docker, Cloud"
96,Amine Bouazizi,amine.bouazizi@gmail.com,"React, Docker, Pandas, Figma, Flask, Numpy, CSS, CI/CD, Agile"
97,Leila Bouazizi,leila.bouazizi@gmail.com,"Spring Boot, Docker, HTML, Linux, CI/CD, Figma, GCP, Docker"
98,Yassine Bouazizi,yassine.bouazizi@gmail.com,"Docker, Flask, HTML, Azure, SQL, GCP, CI/CD, Pandas, Linux"
99,Karim Zouari,karim.zouari@gmail.com,"Numpy, NoSQL, TensorFlow, Pandas, Flask, CI/CD, Angular, Kubernetes"
100,Yassine Chelly,yassine.chelly@gmail.com,"Spring Boot, HTML, Docker, NoSQL, CSS, Figma, JavaScript, Java, Scrum"
1,Karim Kallel,karim.kallel@gmail.com,"TensorFlow, Photoshop, JavaScript, Spring Boot, HTML, Docker, SQL, Scrum"
2,Amine Kallel,amine.kallel@gmail.com,"JavaScript, Spring Boot, SQL, Figma, Angular, Azure, React, Linux, NoSQL"
3,Sarra Ben Ali,sarra.ben.ali@gmail.com,"Linux, CI/CD, Docker, AWS, Figma, Docker"
4,Leila Gharbi,leila.gharbi@gmail.com,"Pandas, AWS, CSS, Angular, Linux, Linux"
5,Ameni Zouari,ameni.zouari@gmail.com,"TensorFlow, Docker, NoSQL, HTML, Figma, Python, Angular, Pandas, Docker"
6,Nesrine Gharbi,nesrine.gharbi@gmail.com,"AWS, JavaScript, React, Kubernetes, Linux, Kubernetes"
7,Leila Kallel,leila.kallel@gmail.com,"Angular, React, Spring Boot, SQL, Photoshop, TensorFlow, HTML, Scrum"
8,Ameni Mansouri,ameni.mansouri@gmail.com,"AWS, Numpy, JavaScript, Python, Flask, Linux, Scrum"
9,Ameni Trabelsi,ameni.trabelsi@gmail.com,"Photoshop, Numpy, Flask, CI/CD, NoSQL"
10,Amine Mansouri,amine.mansouri@gmail.com,"Figma, AWS, Angular, NoSQL, Photoshop, Scrum"
11,Mehdi Mansouri,mehdi.mansouri@gmail.com,"Java, Kubernetes, Figma, GCP, Pandas, Photoshop, NoSQL"
12,Sarra Zouari,sarra.zouari@gmail.com,"Python, JavaScript, NoSQL, Pandas, SQL, Linux"
13,Ines Ben Ali,ines.ben.ali@gmail.com,"Photoshop, Figma, SQL, Kubernetes, React, Docker"
14,Walid Saidi,walid.saidi@gmail.com,"Figma, Linux, GCP, AWS, CI/CD, Numpy, NoSQL, Photoshop, Git"
15,Ines Saidi,ines.saidi@gmail.com,"Pandas, AWS, Docker, HTML, Flask, Linux"
16,Walid Ben Ali,walid.ben.ali@gmail.com,"AWS, Flask, Photoshop, Linux, Python, Figma, Azure, Java, Kubernetes"
17,Walid Bouazizi,walid.bouazizi@gmail.com,"Photoshop, GCP, Linux, NoSQL, SQL"
18,Mehdi Mansouri,mehdi.mansouri@gmail.com,"Docker, NoSQL, AWS, Photoshop, Linux, Git"
19,Walid Trabelsi,walid.trabelsi@gmail.com,"TensorFlow, AWS, Flask, CSS, Pandas, Kubernetes, Angular, Kubernetes"
20,Mehdi Chelly,mehdi.chelly@gmail.com,"SQL, Figma, Linux, TensorFlow, Numpy, Kubernetes, NoSQL"
21,Sarra Gharbi,sarra.gharbi@gmail.com,"Docker, Linux, Pandas, CSS, SQL"
22,Walid Kallel,walid.kallel@gmail.com,"TensorFlow, Numpy, Spring Boot, GCP, React, Git"
23,Walid Chelly,walid.chelly@gmail.com,"Kubernetes, AWS, Spring Boot, Angular, Scrum"
24,Leila Saidi,leila.saidi@gmail.com,"Pandas, Figma, JavaScript, TensorFlow, GCP, Python, SQL, Flask, Agile"
25,Walid Gharbi,walid.gharbi@gmail.com,"Linux, Angular, Photoshop, Flask, React, JavaScript, Kubernetes, API"
26,Karim Bouazizi,karim.bouazizi@gmail.com,"NoSQL, Azure, JavaScript, TensorFlow, Docker, React, HTML, API"
27,Nesrine Ben Ali,nesrine.ben.ali@gmail.com,"Kubernetes, Flask, CSS, GCP, NoSQL"
28,Mehdi Kallel,mehdi.kallel@gmail.com,"Python, NoSQL, TensorFlow, JavaScript, React, AWS, Linux, Angular, Git"
29,Walid Chelly,walid.chelly@gmail.com,"Docker, Numpy, Kubernetes, Azure, Pandas, API"
30,Leila Trabelsi,leila.trabelsi@gmail.com,"JavaScript, AWS, TensorFlow, GCP, Figma, CI/CD, SQL, Scrum"
31,Yassine Kallel,yassine.kallel@gmail.com,"Docker, Photoshop, Numpy, JavaScript, CI/CD, Figma, Scrum"
32,Mehdi Chelly,mehdi.chelly@gmail.com,"SQL, TensorFlow, Python, NoSQL, HTML, Photoshop, Linux, GCP, Docker"
33,Nesrine Khemiri,nesrine.khemiri@gmail.com,"SQL, TensorFlow, Azure, Pandas, Python, Flask, GCP, JavaScript, Git"
34,Yassine Saidi,yassine.saidi@gmail.com,"Azure, JavaScript, Spring Boot, HTML, Agile"
35,Yassine Trabelsi,yassine.trabelsi@gmail.com,"Azure, Docker, SQL, CSS, Java, TensorFlow, Python, JavaScript, Docker"
36,Walid Saidi,walid.saidi@gmail.com,"SQL, React, JavaScript, Figma, Flask, Azure, TensorFlow, Cloud"
37,Nesrine Gharbi,nesrine.gharbi@gmail.com,"CSS, React, Docker, JavaScript, Scrum"
38,Walid Trabelsi,walid.trabelsi@gmail.com,"JavaScript, Java, CI/CD, Azure, Figma, Kubernetes"
39,Ines Trabelsi,ines.trabelsi@gmail.com,"CSS, CI/CD, Photoshop, HTML, Figma, Spring Boot, Kubernetes, Flask, Scrum"
40,Sarra Khemiri,sarra.khemiri@gmail.com,"Java, TensorFlow, React, NoSQL, Docker, HTML, Cloud"
41,Walid Saidi,walid.saidi@gmail.com,"Photoshop, TensorFlow, Kubernetes, Flask, HTML, SQL, Linux"
42,Yassine Trabelsi,yassine.trabelsi@gmail.com,"Angular, Azure, TensorFlow, AWS, Linux, HTML, NoSQL, Numpy, Git"
43,Ines Saidi,ines.saidi@gmail.com,"HTML, Angular, JavaScript, NoSQL, Azure, React, TensorFlow, Docker, Linux"
44,Nesrine Kallel,nesrine.kallel@gmail.com,"GCP, CSS, JavaScript, Python, Docker, TensorFlow, Pandas, Spring Boot, NoSQL"
45,Nesrine Saidi,nesrine.saidi@gmail.com,"Linux, AWS, Flask, Python, Docker, Java, Git"
46,Karim Khemiri,karim.khemiri@gmail.com,"Java, Azure, JavaScript, CI/CD, TensorFlow, React, Kubernetes, Agile"
47,Leila Khemiri,leila.khemiri@gmail.com,"AWS, Linux, Java, Photoshop, Flask, Docker"
48,Yassine Kallel,yassine.kallel@gmail.com,"GCP, CI/CD, SQL, Pandas, Linux, NoSQL"
49,Ameni Bouazizi,ameni.bouazizi@gmail.com,"Python, Spring Boot, TensorFlow, SQL, Azure, Kubernetes"
50,Leila Kallel,leila.kallel@gmail.com,"CI/CD, Pandas, GCP, Docker, Python, Java, SQL, Kubernetes, Kubernetes"
51,Yassine Bouazizi,yassine.bouazizi@gmail.com,"Pandas, CI/CD, Figma, GCP, API"
52,Sarra Gharbi,sarra.gharbi@gmail.com,"Numpy, Java, Docker, CSS, SQL, TensorFlow, CI/CD, NoSQL"
53,Nesrine Khemiri,nesrine.khemiri@gmail.com,"GCP, CI/CD, CSS, Photoshop, Azure, NoSQL"
54,Amine Khemiri,amine.khemiri@gmail.com,"Python, HTML, Flask, React, SQL, Angular, Git"
55,Amine Gharbi,amine.gharbi@gmail.com,"Figma, HTML, AWS, Azure, SQL"
56,Yassine Mansouri,yassine.mansouri@gmail.com,"Kubernetes, Java, JavaScript, NoSQL, Pandas, Photoshop, Agile"
57,Ines Zouari,ines.zouari@gmail.com,"Numpy, SQL, GCP, React, JavaScript, Kubernetes, Python, CI/CD, Docker"
58,Amine Saidi,amine.saidi@gmail.com,"Docker, React, SQL, Spring Boot, Figma, Scrum"
59,Amine Zouari,amine.zouari@gmail.com,"HTML, AWS, Kubernetes, Spring Boot, CI/CD, SQL, GCP, SQL"
60,Mehdi Gharbi,mehdi.gharbi@gmail.com,"Spring Boot, Photoshop, NoSQL, AWS, Java, Angular, React, SQL"
61,Mehdi Saidi,mehdi.saidi@gmail.com,"TensorFlow, Python, Azure, React, GCP, NoSQL"
62,Nesrine Ben Ali,nesrine.ben.ali@gmail.com,"Numpy, Azure, CSS, AWS, Scrum"
63,Leila Bouazizi,leila.bouazizi@gmail.com,"CSS, NoSQL, CI/CD, Flask, Spring Boot, React, Docker, JavaScript, Agile"
64,Sarra Ben Ali,sarra.ben.ali@gmail.com,"SQL, Numpy, Pandas, Flask, CI/CD, Angular, NoSQL"
65,Ameni Mansouri,ameni.mansouri@gmail.com,"HTML, Photoshop, Docker, Pandas, Spring Boot, CI/CD, Angular, Cloud"
66,Yassine Mansouri,yassine.mansouri@gmail.com,"Angular, Figma, Photoshop, GCP, Git"
67,Karim Ben Ali,karim.ben.ali@gmail.com,"Flask, AWS, NoSQL, Figma, Azure, Linux, JavaScript, SQL"
68,Amine Trabelsi,amine.trabelsi@gmail.com,"Java, AWS, TensorFlow, JavaScript, GCP, Azure, Flask, Kubernetes"
69,Walid Bouazizi,walid.bouazizi@gmail.com,"Docker, React, CI/CD, Numpy, Python, Git"
70,Ines Trabelsi,ines.trabelsi@gmail.com,"Photoshop, TensorFlow, Kubernetes, AWS, Linux, Docker, Azure, Flask, Cloud"
71,Karim Ben Ali,karim.ben.ali@gmail.com,"HTML, Linux, React, Photoshop, Docker, JavaScript, Git"
72,Ines Gharbi,ines.gharbi@gmail.com,"Kubernetes, CSS, Pandas, TensorFlow, Python, HTML, NoSQL, Linux, Docker"
73,Leila Mansouri,leila.mansouri@gmail.com,"Kubernetes, Numpy, Pandas, Azure, Spring Boot, Linux"
74,Ines Zouari,ines.zouari@gmail.com,"Linux, TensorFlow, Flask, React, Kubernetes, API"
75,Nesrine Khemiri,nesrine.khemiri@gmail.com,"NoSQL, JavaScript, TensorFlow, Angular, AWS, HTML, Git"
76,Amine Trabelsi,amine.trabelsi@gmail.com,"AWS, GCP, Docker, Kubernetes, Java, Figma, Photoshop, Git"
77,Walid Mansouri,walid.mansouri@gmail.com,"Flask, AWS, Azure, Figma, Kubernetes, TensorFlow, CI/CD, Pandas, Agile"
78,Sarra Trabelsi,sarra.trabelsi@gmail.com,"NoSQL, Kubernetes, GCP, Spring Boot, SQL, Figma, CSS, Cloud"
79,Yassine Ben Ali,yassine.ben.ali@gmail.com,"React, Numpy, CI/CD, GCP, Pandas, HTML, Docker"
80,Sarra Gharbi,sarra.gharbi@gmail.com,"HTML, CSS, TensorFlow, Figma, Photoshop, Pandas, Kubernetes"
81,Leila Khemiri,leila.khemiri@gmail.com,"Linux, Flask, GCP, NoSQL, Pandas, HTML, Python, Linux"
82,Amine Bouazizi,amine.bouazizi@gmail.com,"Angular, Figma, CSS, HTML, Docker"
83,Karim Saidi,karim.saidi@gmail.com,"Figma, Angular, HTML, Photoshop, Linux"
84,Karim Khemiri,karim.khemiri@gmail.com,"AWS, Java, Kubernetes, Azure, JavaScript, Pandas, React, API"
85,Walid Gharbi,walid.gharbi@gmail.com,"Flask, Docker, Pandas, Java, AWS, NoSQL"
86,Ines Khemiri,ines.khemiri@gmail.com,"Azure, Numpy, Python, SQL, JavaScript, Kubernetes"
87,Yassine Kallel,yassine.kallel@gmail.com,"React, Azure, Spring Boot, Pandas, Figma, Kubernetes, Photoshop, SQL, Agile"
88,Leila Khemiri,leila.khemiri@gmail.com,"AWS, Python, Docker, Pandas, SQL"
89,Yassine Zouari,yassine.zouari@gmail.com,"Angular, Java, NoSQL, GCP, HTML, AWS, Numpy, React, API"
90,Nesrine Ben Ali,nesrine.ben.ali@gmail.com,"Pandas, Angular, Spring Boot, Photoshop, Docker, HTML, SQL, Figma, Agile"
91,Amine Khemiri,amine.khemiri@gmail.com,"Azure, Pandas, Java, CSS, Agile"
92,Yassine Chelly,yassine.chelly@gmail.com,"Photoshop, Docker, Python, SQL, NoSQL, NoSQL"
93,Yassine Chelly,yassine.chelly@gmail.com,"TensorFlow, Photoshop, Kubernetes, GCP, Docker, Java, Linux"
94,Nesrine Ben Ali,nesrine.ben.ali@gmail.com,"Figma, Linux, Flask, TensorFlow, GCP, Azure, Cloud"
95,Sarra Saidi,sarra.saidi@gmail.com,"Spring Boot, AWS, Azure, Angular, SQL, Docker, Git"
96,Amine Bouazizi,amine.bouazizi@gmail.com,"React, Docker, Pandas, Figma, Flask, Numpy, CSS, CI/CD, Cloud"
97,Leila Bouazizi,leila.bouazizi@gmail.com,"Spring Boot, Docker, HTML, Linux, CI/CD, Figma, GCP, Git"
98,Yassine Bouazizi,yassine.bouazizi@gmail.com,"Docker, Flask, HTML, Azure, SQL, GCP, CI/CD, Pandas, Git"
99,Karim Zouari,karim.zouari@gmail.com,"Numpy, NoSQL, TensorFlow, Pandas, Flask, CI/CD, Angular, Scrum"
100,Yassine Chelly,yassine.chelly@gmail.com,"Spring Boot, HTML, Docker, NoSQL, CSS, Figma, JavaScript, Java, Git"
